1,facebook.com
2,yahoo.com
3,google.coms
4,facebook.com
5,yahoo.com
6,google.coms
7,facebook.com
8,yahoo.com
9,google.coms
10,facebook.com
11,yahoo.com
12,google.coms
13,facebook.com
14,yahoo.com
15,google.coms
16,facebook.com
17,yahoo.com
18,google.coms
19,facebook.com
20,yahoo.com
21,google.coms
22,facebook.com
23,yahoo.com
24,google.coms
25,facebook.com
26,yahoo.com
27,google.coms
28,facebook.com
29,yahoo.com
30,google.coms
31,facebook.com
32,yahoo.com
33,google.coms
34,facebook.com
35,yahoo.com
36,google.coms
37,facebook.com
38,yahoo.com
39,google.coms
40,facebook.com
41,yahoo.com
42,google.coms
43,facebook.com
44,yahoo.com
45,google.coms
46,facebook.com
47,yahoo.com
48,google.coms
49,facebook.com
50,yahoo.com
51,google.coms
52,facebook.com
53,yahoo.com
54,google.coms
55,facebook.com
56,yahoo.com
57,google.coms
58,facebook.com
59,yahoo.com
60,google.coms
61,facebook.com
62,yahoo.com
63,google.coms
64,facebook.com
65,yahoo.com
66,google.coms
67,facebook.com
68,yahoo.com
69,google.coms
70,facebook.com
71,yahoo.com
72,google.coms
73,facebook.com
74,yahoo.com
75,google.coms
76,facebook.com
77,yahoo.com
78,google.coms
79,facebook.com
80,yahoo.com
81,google.coms
82,facebook.com
83,yahoo.com
84,google.coms
85,facebook.com
86,yahoo.com
87,google.coms
88,facebook.com
89,yahoo.com
90,google.coms
91,facebook.com
92,yahoo.com
93,google.coms
94,facebook.com
95,yahoo.com
96,google.coms
97,facebook.com
98,yahoo.com
99,google.coms
100,facebook.com
101,yahoo.com
102,google.coms
103,facebook.com
104,yahoo.com
105,google.coms
106,facebook.com
107,yahoo.com
108,google.coms
109,facebook.com
110,yahoo.com
111,google.coms
112,facebook.com
113,yahoo.com
114,google.coms
115,facebook.com
116,yahoo.com
117,google.coms
118,facebook.com
119,yahoo.com
120,google.coms
121,facebook.com
122,yahoo.com
123,google.coms
124,facebook.com
125,yahoo.com
126,google.coms
127,facebook.com
128,yahoo.com
129,google.coms
130,facebook.com
131,yahoo.com
132,google.coms
133,facebook.com
134,yahoo.com
135,google.coms
136,facebook.com
137,yahoo.com
138,google.coms
139,facebook.com
140,yahoo.com
141,google.coms
142,facebook.com
143,yahoo.com
144,google.coms
145,facebook.com
146,yahoo.com
147,google.coms
148,facebook.com
149,yahoo.com
150,google.coms
151,facebook.com
152,yahoo.com
153,google.coms
154,facebook.com
155,yahoo.com
156,google.coms
157,facebook.com
158,yahoo.com
159,google.coms
160,facebook.com
161,yahoo.com
162,google.coms
163,facebook.com
164,yahoo.com
165,google.coms
166,facebook.com
167,yahoo.com
168,google.coms
169,facebook.com
170,yahoo.com
171,google.coms
172,facebook.com
173,yahoo.com
174,google.coms
175,facebook.com
176,yahoo.com
177,google.coms
178,facebook.com
179,yahoo.com
180,google.coms
181,facebook.com
182,yahoo.com
183,google.coms
184,facebook.com
185,yahoo.com
186,google.coms
187,facebook.com
188,yahoo.com
189,google.coms
190,facebook.com
191,yahoo.com
192,google.coms
193,facebook.com
194,yahoo.com
195,google.coms
196,facebook.com
197,yahoo.com
198,google.coms
199,facebook.com
200,yahoo.com
201,google.coms
202,facebook.com
203,yahoo.com
204,google.coms
205,facebook.com
206,yahoo.com
207,google.coms
208,facebook.com
209,yahoo.com
210,google.coms
211,facebook.com
212,yahoo.com
213,google.coms
214,facebook.com
215,yahoo.com
216,google.coms
217,facebook.com
218,yahoo.com
219,google.coms
220,facebook.com
221,yahoo.com
222,google.coms
223,facebook.com
224,yahoo.com
225,google.coms
226,facebook.com
227,yahoo.com
228,google.coms
229,facebook.com
230,yahoo.com
231,google.coms
232,facebook.com
233,yahoo.com
234,google.coms
235,facebook.com
236,yahoo.com
237,google.coms
238,facebook.com
239,yahoo.com
240,google.coms
241,facebook.com
242,yahoo.com
243,google.coms
244,facebook.com
245,yahoo.com
246,google.coms
247,facebook.com
248,yahoo.com
249,google.coms
250,facebook.com
251,yahoo.com
252,google.coms
253,facebook.com
254,yahoo.com
255,google.coms
256,facebook.com
257,yahoo.com
258,google.coms
259,facebook.com
260,yahoo.com
261,google.coms
262,facebook.com
263,yahoo.com
264,google.coms
265,facebook.com
266,yahoo.com
267,google.coms
268,facebook.com
269,yahoo.com
270,google.coms
271,facebook.com
272,yahoo.com
273,google.coms
274,facebook.com
275,yahoo.com
276,google.coms
277,facebook.com
278,yahoo.com
279,google.coms
280,facebook.com
281,yahoo.com
282,google.coms
283,facebook.com
284,yahoo.com
285,google.coms
286,facebook.com
287,yahoo.com
288,google.coms
289,facebook.com
290,yahoo.com
291,google.coms
292,facebook.com
293,yahoo.com
294,google.coms
295,facebook.com
296,yahoo.com
297,google.coms
298,facebook.com
299,yahoo.com
300,google.coms
301,facebook.com
302,yahoo.com
303,google.coms
304,facebook.com
305,yahoo.com
306,google.coms
307,facebook.com
308,yahoo.com
309,google.coms
310,facebook.com
311,yahoo.com
312,google.coms
313,facebook.com
314,yahoo.com
315,google.coms
316,facebook.com
317,yahoo.com
318,google.coms
319,facebook.com
320,yahoo.com
321,google.coms
322,facebook.com
323,yahoo.com
324,google.coms
325,facebook.com
326,yahoo.com
327,google.coms
328,facebook.com
329,yahoo.com
330,google.coms
331,facebook.com
332,yahoo.com
333,google.coms
334,facebook.com
335,yahoo.com
336,google.coms
337,facebook.com
338,yahoo.com
339,google.coms
340,facebook.com
341,yahoo.com
342,google.coms
343,facebook.com
344,yahoo.com
345,google.coms
346,facebook.com
347,yahoo.com
348,google.coms
349,facebook.com
350,yahoo.com
351,google.coms
352,facebook.com
353,yahoo.com
354,google.coms
355,facebook.com
356,yahoo.com
357,google.coms
358,facebook.com
359,yahoo.com
360,google.coms
361,facebook.com
362,yahoo.com
363,google.coms
364,facebook.com
365,yahoo.com
366,google.coms
367,facebook.com
368,yahoo.com
369,google.coms
370,facebook.com
371,yahoo.com
372,google.coms
373,facebook.com
374,yahoo.com
375,google.coms
376,facebook.com
377,yahoo.com
378,google.coms
379,facebook.com
380,yahoo.com
381,google.coms
382,facebook.com
383,yahoo.com
384,google.coms
385,facebook.com
386,yahoo.com
387,google.coms
388,facebook.com
389,yahoo.com
390,google.coms
391,facebook.com
392,yahoo.com
393,google.coms
394,facebook.com
395,yahoo.com
396,google.coms
397,facebook.com
398,yahoo.com
399,google.coms
400,facebook.com
401,yahoo.com
402,google.coms
403,facebook.com
404,yahoo.com
405,google.coms
406,facebook.com
407,yahoo.com
408,google.coms
409,facebook.com
410,yahoo.com
411,google.coms
412,facebook.com
413,yahoo.com
414,google.coms
415,facebook.com
416,yahoo.com
417,google.coms
418,facebook.com
419,yahoo.com
420,google.coms
421,facebook.com
422,yahoo.com
423,google.coms
424,facebook.com
425,yahoo.com
426,google.coms
427,facebook.com
428,yahoo.com
429,google.coms
430,facebook.com
431,yahoo.com
432,google.coms
433,facebook.com
434,yahoo.com
435,google.coms
436,facebook.com
437,yahoo.com
438,google.coms
439,facebook.com
440,yahoo.com
441,google.coms
442,facebook.com
443,yahoo.com
444,google.coms
445,facebook.com
446,yahoo.com
447,google.coms
448,facebook.com
449,yahoo.com
450,google.coms
451,facebook.com
452,yahoo.com
453,google.coms
454,facebook.com
455,yahoo.com
456,google.coms
457,facebook.com
458,yahoo.com
459,google.coms
460,facebook.com
461,yahoo.com
462,google.coms
463,facebook.com
464,yahoo.com
465,google.coms
466,facebook.com
467,yahoo.com
468,google.coms
469,facebook.com
470,yahoo.com
471,google.coms
472,facebook.com
473,yahoo.com
474,google.coms
475,facebook.com
476,yahoo.com
477,google.coms
478,facebook.com
479,yahoo.com
480,google.coms
481,facebook.com
482,yahoo.com
483,google.coms
484,facebook.com
485,yahoo.com
486,google.coms
487,facebook.com
488,yahoo.com
489,google.coms
490,facebook.com
491,yahoo.com
492,google.coms
493,facebook.com
494,yahoo.com
495,google.coms
496,facebook.com
497,yahoo.com
498,google.coms
499,facebook.com
500,yahoo.com
501,google.coms
502,facebook.com
503,yahoo.com
504,google.coms
505,facebook.com
506,yahoo.com
507,google.coms
508,facebook.com
509,yahoo.com
510,google.coms
511,facebook.com
512,yahoo.com
513,google.coms
514,facebook.com
515,yahoo.com
516,google.coms
517,facebook.com
518,yahoo.com
519,google.coms
520,facebook.com
521,yahoo.com
522,google.coms
523,facebook.com
524,yahoo.com
525,google.coms
526,facebook.com
527,yahoo.com
528,google.coms
529,facebook.com
530,yahoo.com
531,google.coms
532,facebook.com
533,yahoo.com
534,google.coms
535,facebook.com
536,yahoo.com
537,google.coms
538,facebook.com
539,yahoo.com
540,google.coms
541,facebook.com
542,yahoo.com
543,google.coms
544,facebook.com
545,yahoo.com
546,google.coms
547,facebook.com
548,yahoo.com
549,google.coms
550,facebook.com
551,yahoo.com
552,google.coms
553,facebook.com
554,yahoo.com
555,google.coms
556,facebook.com
557,yahoo.com
558,google.coms
559,facebook.com
560,yahoo.com
561,google.coms
562,facebook.com
563,yahoo.com
564,google.coms
565,facebook.com
566,yahoo.com
567,google.coms
568,facebook.com
569,yahoo.com
570,google.coms
571,facebook.com
572,yahoo.com
573,google.coms
574,facebook.com
575,yahoo.com
576,google.coms
577,facebook.com
578,yahoo.com
579,google.coms
580,facebook.com
581,yahoo.com
582,google.coms
583,facebook.com
584,yahoo.com
585,google.coms
586,facebook.com
587,yahoo.com
588,google.coms
589,facebook.com
590,yahoo.com
591,google.coms
592,facebook.com
593,yahoo.com
594,google.coms
595,facebook.com
596,yahoo.com
597,google.coms
598,facebook.com
599,yahoo.com
600,google.coms
601,facebook.com
602,yahoo.com
603,google.coms
604,facebook.com
605,yahoo.com
606,google.coms
607,facebook.com
608,yahoo.com
609,google.coms
610,facebook.com
611,yahoo.com
612,google.coms
613,facebook.com
614,yahoo.com
615,google.coms
616,facebook.com
617,yahoo.com
618,google.coms
619,facebook.com
620,yahoo.com
621,google.coms
622,facebook.com
623,yahoo.com
624,google.coms
625,facebook.com
626,yahoo.com
627,google.coms
628,facebook.com
629,yahoo.com
630,google.coms
631,facebook.com
632,yahoo.com
633,google.coms
634,facebook.com
635,yahoo.com
636,google.coms
637,facebook.com
638,yahoo.com
639,google.coms
640,facebook.com
641,yahoo.com
642,google.coms
643,facebook.com
644,yahoo.com
645,google.coms
646,facebook.com
647,yahoo.com
648,google.coms
649,facebook.com
650,yahoo.com
651,google.coms
652,facebook.com
653,yahoo.com
654,google.coms
655,facebook.com
656,yahoo.com
657,google.coms
658,facebook.com
659,yahoo.com
660,google.coms
661,facebook.com
662,yahoo.com
663,google.coms
664,facebook.com
665,yahoo.com
666,google.coms
667,facebook.com
668,yahoo.com
669,google.coms
670,facebook.com
671,yahoo.com
672,google.coms
673,facebook.com
674,yahoo.com
675,google.coms
676,facebook.com
677,yahoo.com
678,google.coms
679,facebook.com
680,yahoo.com
681,google.coms
682,facebook.com
683,yahoo.com
684,google.coms
685,facebook.com
686,yahoo.com
687,google.coms
688,facebook.com
689,yahoo.com
690,google.coms
691,facebook.com
692,yahoo.com
693,google.coms
694,facebook.com
695,yahoo.com
696,google.coms
697,facebook.com
698,yahoo.com
699,google.coms
700,facebook.com
701,yahoo.com
702,google.coms
703,facebook.com
704,yahoo.com
705,google.coms
706,facebook.com
707,yahoo.com
708,google.coms
709,facebook.com
710,yahoo.com
711,google.coms
712,facebook.com
713,yahoo.com
714,google.coms
715,facebook.com
716,yahoo.com
717,google.coms
718,facebook.com
719,yahoo.com
720,google.coms
721,facebook.com
722,yahoo.com
723,google.coms
724,facebook.com
725,yahoo.com
726,google.coms
727,facebook.com
728,yahoo.com
729,google.coms
730,facebook.com
731,yahoo.com
732,google.coms
733,facebook.com
734,yahoo.com
735,google.coms
736,facebook.com
737,yahoo.com
738,google.coms
739,facebook.com
740,yahoo.com
741,google.coms
742,facebook.com
743,yahoo.com
744,google.coms
745,facebook.com
746,yahoo.com
747,google.coms
748,facebook.com
749,yahoo.com
750,google.coms
751,facebook.com
752,yahoo.com
753,google.coms
754,facebook.com
755,yahoo.com
756,google.coms
757,facebook.com
758,yahoo.com
759,google.coms
760,facebook.com
761,yahoo.com
762,google.coms
763,facebook.com
764,yahoo.com
765,google.coms
766,facebook.com
767,yahoo.com
768,google.coms
769,facebook.com
770,yahoo.com
771,google.coms
772,facebook.com
773,yahoo.com
774,google.coms
775,facebook.com
776,yahoo.com
777,google.coms
778,facebook.com
779,yahoo.com
780,google.coms
781,facebook.com
782,yahoo.com
783,google.coms
784,facebook.com
785,yahoo.com
786,google.coms
787,facebook.com
788,yahoo.com
789,google.coms
790,facebook.com
791,yahoo.com
792,google.coms
793,facebook.com
794,yahoo.com
795,google.coms
796,facebook.com
797,yahoo.com
798,google.coms
799,facebook.com
800,yahoo.com
801,google.coms
802,facebook.com
803,yahoo.com
804,google.coms
805,facebook.com
806,yahoo.com
807,google.coms
808,facebook.com
809,yahoo.com
810,google.coms
811,facebook.com
812,yahoo.com
813,google.coms
814,facebook.com
815,yahoo.com
816,google.coms
817,facebook.com
818,yahoo.com
819,google.coms
820,facebook.com
821,yahoo.com
822,google.coms
823,facebook.com
824,yahoo.com
825,google.coms
826,facebook.com
827,yahoo.com
828,google.coms
829,facebook.com
830,yahoo.com
831,google.coms
832,facebook.com
833,yahoo.com
834,google.coms
835,facebook.com
836,yahoo.com
837,google.coms
838,facebook.com
839,yahoo.com
840,google.coms
841,facebook.com
842,yahoo.com
843,google.coms
844,facebook.com
845,yahoo.com
846,google.coms
847,facebook.com
848,yahoo.com
849,google.coms
850,facebook.com
851,yahoo.com
852,google.coms
853,facebook.com
854,yahoo.com
855,google.coms
856,facebook.com
857,yahoo.com
858,google.coms
859,facebook.com
860,yahoo.com
861,google.coms
862,facebook.com
863,yahoo.com
864,google.coms
865,facebook.com
866,yahoo.com
867,google.coms
868,facebook.com
869,yahoo.com
870,google.coms
871,facebook.com
872,yahoo.com
873,google.coms
874,facebook.com
875,yahoo.com
876,google.coms
877,facebook.com
878,yahoo.com
879,google.coms
880,facebook.com
881,yahoo.com
882,google.coms
883,facebook.com
884,yahoo.com
885,google.coms
886,facebook.com
887,yahoo.com
888,google.coms
889,facebook.com
890,yahoo.com
891,google.coms
892,facebook.com
893,yahoo.com
894,google.coms
895,facebook.com
896,yahoo.com
897,google.coms
898,facebook.com
899,yahoo.com
900,google.coms
901,facebook.com
902,yahoo.com
903,google.coms
904,facebook.com
905,yahoo.com
906,google.coms
907,facebook.com
908,yahoo.com
909,google.coms
910,facebook.com
911,yahoo.com
912,google.coms
913,facebook.com
914,yahoo.com
915,google.coms
916,facebook.com
917,yahoo.com
918,google.coms
919,facebook.com
920,yahoo.com
921,google.coms
922,facebook.com
923,yahoo.com
924,google.coms
925,facebook.com
926,yahoo.com
927,google.coms
928,facebook.com
929,yahoo.com
930,google.coms
931,facebook.com
932,yahoo.com
933,google.coms
934,facebook.com
935,yahoo.com
936,google.coms
937,facebook.com
938,yahoo.com
939,google.coms
940,facebook.com
941,yahoo.com
942,google.coms
943,facebook.com
944,yahoo.com
945,google.coms
946,facebook.com
947,yahoo.com
948,google.coms
949,facebook.com
950,yahoo.com
951,google.coms
952,facebook.com
953,yahoo.com
954,google.coms
955,facebook.com
956,yahoo.com
957,google.coms
958,facebook.com
959,yahoo.com
960,google.coms
961,facebook.com
962,yahoo.com
963,google.coms
964,facebook.com
965,yahoo.com
966,google.coms
967,facebook.com
968,yahoo.com
969,google.coms
970,facebook.com
971,yahoo.com
972,google.coms
973,facebook.com
974,yahoo.com
975,google.coms
976,facebook.com
977,yahoo.com
978,google.coms
979,facebook.com
980,yahoo.com
981,google.coms
982,facebook.com
983,yahoo.com
984,google.coms
985,facebook.com
986,yahoo.com
987,google.coms
988,facebook.com
989,yahoo.com
990,google.coms
991,facebook.com
992,yahoo.com
993,google.coms
994,facebook.com
995,yahoo.com
996,google.coms
997,facebook.com
998,yahoo.com
999,google.coms
1000,facebook.com
1001,yahoo.com
1002,google.coms
1003,facebook.com
1004,yahoo.com
1005,google.coms
1006,facebook.com
1007,yahoo.com
1008,google.coms
1009,facebook.com
1010,yahoo.com
1011,google.coms
1012,facebook.com
1013,yahoo.com
1014,google.coms
1015,facebook.com
1016,yahoo.com
1017,google.coms
1018,facebook.com
1019,yahoo.com
1020,google.coms
1021,facebook.com
1022,yahoo.com
1023,google.coms
1024,facebook.com
1025,yahoo.com
1026,google.coms
1027,facebook.com
1028,yahoo.com
1029,google.coms
1030,facebook.com
1031,yahoo.com
1032,google.coms
1033,facebook.com
1034,yahoo.com
1035,google.coms
1036,facebook.com
1037,yahoo.com
1038,google.coms
1039,facebook.com
1040,yahoo.com
1041,google.coms
1042,facebook.com
1043,yahoo.com
1044,google.coms
1045,facebook.com
1046,yahoo.com
1047,google.coms
1048,facebook.com
1049,yahoo.com
1050,google.coms
1051,facebook.com
1052,yahoo.com
1053,google.coms
1054,facebook.com
1055,yahoo.com
1056,google.coms
1057,facebook.com
1058,yahoo.com
1059,google.coms
1060,facebook.com
1061,yahoo.com
1062,google.coms
1063,facebook.com
1064,yahoo.com
1065,google.coms
1066,facebook.com
1067,yahoo.com
1068,google.coms
1069,facebook.com
1070,yahoo.com
1071,google.coms
1072,facebook.com
1073,yahoo.com
1074,google.coms
1075,facebook.com
1076,yahoo.com
1077,google.coms
1078,facebook.com
1079,yahoo.com
1080,google.coms
1081,facebook.com
1082,yahoo.com
1083,google.coms
1084,facebook.com
1085,yahoo.com
1086,google.coms
1087,facebook.com
1088,yahoo.com
1089,google.coms
1090,facebook.com
1091,yahoo.com
1092,google.coms
1093,facebook.com
1094,yahoo.com
1095,google.coms
1096,facebook.com
1097,yahoo.com
1098,google.coms
1099,facebook.com
1100,yahoo.com
1101,google.coms
1102,facebook.com
1103,yahoo.com
1104,google.coms
1105,facebook.com
1106,yahoo.com
1107,google.coms
1108,facebook.com
1109,yahoo.com
1110,google.coms
1111,facebook.com
1112,yahoo.com
1113,google.coms
1114,facebook.com
1115,yahoo.com
1116,google.coms
1117,facebook.com
1118,yahoo.com
1119,google.coms
1120,facebook.com
1121,yahoo.com
1122,google.coms
1123,facebook.com
1124,yahoo.com
1125,google.coms
1126,facebook.com
1127,yahoo.com
1128,google.coms
1129,facebook.com
1130,yahoo.com
1131,google.coms
1132,facebook.com
1133,yahoo.com
1134,google.coms
1135,facebook.com
1136,yahoo.com
1137,google.coms
1138,facebook.com
1139,yahoo.com
1140,google.coms
1141,facebook.com
1142,yahoo.com
1143,google.coms
1144,facebook.com
1145,yahoo.com
1146,google.coms
1147,facebook.com
1148,yahoo.com
1149,google.coms
1150,facebook.com
1151,yahoo.com
1152,google.coms
1153,facebook.com
1154,yahoo.com
1155,google.coms
1156,facebook.com
1157,yahoo.com
1158,google.coms
1159,facebook.com
1160,yahoo.com
1161,google.coms
1162,facebook.com
1163,yahoo.com
1164,google.coms
1165,facebook.com
1166,yahoo.com
1167,google.coms
1168,facebook.com
1169,yahoo.com
1170,google.coms
1171,facebook.com
1172,yahoo.com
1173,google.coms
1174,facebook.com
1175,yahoo.com
1176,google.coms
1177,facebook.com
1178,yahoo.com
1179,google.coms
1180,facebook.com
1181,yahoo.com
1182,google.coms
1183,facebook.com
1184,yahoo.com
1185,google.coms
1186,facebook.com
1187,yahoo.com
1188,google.coms
1189,facebook.com
1190,yahoo.com
1191,google.coms
1192,facebook.com
1193,yahoo.com
1194,google.coms
1195,facebook.com
1196,yahoo.com
1197,google.coms
1198,facebook.com
1199,yahoo.com
1200,google.coms
1201,facebook.com
1202,yahoo.com
1203,google.coms
1204,facebook.com
1205,yahoo.com
1206,google.coms
1207,facebook.com
1208,yahoo.com
1209,google.coms
1210,facebook.com
1211,yahoo.com
1212,google.coms
1213,facebook.com
1214,yahoo.com
1215,google.coms
1216,facebook.com
1217,yahoo.com
1218,google.coms
1219,facebook.com
1220,yahoo.com
1221,google.coms
1222,facebook.com
1223,yahoo.com
1224,google.coms
1225,facebook.com
1226,yahoo.com
1227,google.coms
1228,facebook.com
1229,yahoo.com
1230,google.coms
1231,facebook.com
1232,yahoo.com
1233,google.coms
1234,facebook.com
1235,yahoo.com
1236,google.coms
1237,facebook.com
1238,yahoo.com
1239,google.coms
1240,facebook.com
1241,yahoo.com
1242,google.coms
1243,facebook.com
1244,yahoo.com
1245,google.coms
1246,facebook.com
1247,yahoo.com
1248,google.coms
1249,facebook.com
1250,yahoo.com
1251,google.coms
1252,facebook.com
1253,yahoo.com
1254,google.coms
1255,facebook.com
1256,yahoo.com
1257,google.coms
1258,facebook.com
1259,yahoo.com
1260,google.coms
1261,facebook.com
1262,yahoo.com
1263,google.coms
1264,facebook.com
1265,yahoo.com
1266,google.coms
1267,facebook.com
1268,yahoo.com
1269,google.coms
1270,facebook.com
1271,yahoo.com
1272,google.coms
1273,facebook.com
1274,yahoo.com
1275,google.coms
1276,facebook.com
1277,yahoo.com
1278,google.coms
1279,facebook.com
1280,yahoo.com
1281,google.coms
1282,facebook.com
1283,yahoo.com
1284,google.coms
1285,facebook.com
1286,yahoo.com
1287,google.coms
1288,facebook.com
1289,yahoo.com
1290,google.coms
1291,facebook.com
1292,yahoo.com
1293,google.coms
1294,facebook.com
1295,yahoo.com
1296,google.coms
1297,facebook.com
1298,yahoo.com
1299,google.coms
1300,facebook.com
1301,yahoo.com
1302,google.coms
1303,facebook.com
1304,yahoo.com
1305,google.coms
1306,facebook.com
1307,yahoo.com
1308,google.coms
1309,facebook.com
1310,yahoo.com
1311,google.coms
1312,facebook.com
1313,yahoo.com
1314,google.coms
1315,facebook.com
1316,yahoo.com
1317,google.coms
1318,facebook.com
1319,yahoo.com
1320,google.coms
1321,facebook.com
1322,yahoo.com
1323,google.coms
1324,facebook.com
1325,yahoo.com
1326,google.coms
1327,facebook.com
1328,yahoo.com
1329,google.coms
1330,facebook.com
1331,yahoo.com
1332,google.coms
1333,facebook.com
1334,yahoo.com
1335,google.coms
1336,facebook.com
1337,yahoo.com
1338,google.coms
1339,facebook.com
1340,yahoo.com
1341,google.coms
1342,facebook.com
1343,yahoo.com
1344,google.coms
1345,facebook.com
1346,yahoo.com
1347,google.coms
1348,facebook.com
1349,yahoo.com
1350,google.coms
1351,facebook.com
1352,yahoo.com
1353,google.coms
1354,facebook.com
1355,yahoo.com
1356,google.coms
1357,facebook.com
1358,yahoo.com
1359,google.coms
1360,facebook.com
1361,yahoo.com
1362,google.coms
1363,facebook.com
1364,yahoo.com
1365,google.coms
1366,facebook.com
1367,yahoo.com
1368,google.coms
1369,facebook.com
1370,yahoo.com
1371,google.coms
1372,facebook.com
1373,yahoo.com
1374,google.coms
1375,facebook.com
1376,yahoo.com
1377,google.coms
1378,facebook.com
1379,yahoo.com
1380,google.coms
1381,facebook.com
1382,yahoo.com
1383,google.coms
1384,facebook.com
1385,yahoo.com
1386,google.coms
1387,facebook.com
1388,yahoo.com
1389,google.coms
1390,facebook.com
1391,yahoo.com
1392,google.coms
1393,facebook.com
1394,yahoo.com
1395,google.coms
1396,facebook.com
1397,yahoo.com
1398,google.coms
1399,facebook.com
1400,yahoo.com
1401,google.coms
1402,facebook.com
1403,yahoo.com
1404,google.coms
1405,facebook.com
1406,yahoo.com
1407,google.coms
1408,facebook.com
1409,yahoo.com
1410,google.coms
1411,facebook.com
1412,yahoo.com
1413,google.coms
1414,facebook.com
1415,yahoo.com
1416,google.coms
1417,facebook.com
1418,yahoo.com
1419,google.coms
1420,facebook.com
1421,yahoo.com
1422,google.coms
1423,facebook.com
1424,yahoo.com
1425,google.coms
1426,facebook.com
1427,yahoo.com
1428,google.coms
1429,facebook.com
1430,yahoo.com
1431,google.coms
1432,facebook.com
1433,yahoo.com
1434,google.coms
1435,facebook.com
1436,yahoo.com
1437,google.coms
1438,facebook.com
1439,yahoo.com
1440,google.coms
1441,facebook.com
1442,yahoo.com
1443,google.coms
1444,facebook.com
1445,yahoo.com
1446,google.coms
1447,facebook.com
1448,yahoo.com
1449,google.coms
1450,facebook.com
1451,yahoo.com
1452,google.coms
1453,facebook.com
1454,yahoo.com
1455,google.coms
1456,facebook.com
1457,yahoo.com
1458,google.coms
1459,facebook.com
1460,yahoo.com
1461,google.coms
1462,facebook.com
1463,yahoo.com
1464,google.coms
1465,facebook.com
1466,yahoo.com
1467,google.coms
1468,facebook.com
1469,yahoo.com
1470,google.coms
1471,facebook.com
1472,yahoo.com
1473,google.coms
1474,facebook.com
1475,yahoo.com
1476,google.coms
1477,facebook.com
1478,yahoo.com
1479,google.coms
1480,facebook.com
1481,yahoo.com
1482,google.coms
1483,facebook.com
1484,yahoo.com
1485,google.coms
1486,facebook.com
1487,yahoo.com
1488,google.coms
1489,facebook.com
1490,yahoo.com
1491,google.coms
1492,facebook.com
1493,yahoo.com
1494,google.coms
1495,facebook.com
1496,yahoo.com
1497,google.coms
1498,facebook.com
1499,yahoo.com
1500,google.coms
1501,facebook.com
1502,yahoo.com
1503,google.coms
1504,facebook.com
1505,yahoo.com
1506,google.coms
1507,facebook.com
1508,yahoo.com
1509,google.coms
1510,facebook.com
1511,yahoo.com
1512,google.coms
1513,facebook.com
1514,yahoo.com
1515,google.coms
1516,facebook.com
1517,yahoo.com
1518,google.coms
1519,facebook.com
1520,yahoo.com
1521,google.coms
1522,facebook.com
1523,yahoo.com
1524,google.coms
1525,facebook.com
1526,yahoo.com
1527,google.coms
1528,facebook.com
1529,yahoo.com
1530,google.coms
1531,facebook.com
1532,yahoo.com
1533,google.coms
1534,facebook.com
1535,yahoo.com
1536,google.coms
1537,facebook.com
1538,yahoo.com
1539,google.coms
1540,facebook.com
1541,yahoo.com
1542,google.coms
1543,facebook.com
1544,yahoo.com
1545,google.coms
1546,facebook.com
1547,yahoo.com
1548,google.coms
1549,facebook.com
1550,yahoo.com
1551,google.coms
1552,facebook.com
1553,yahoo.com
1554,google.coms
1555,facebook.com
1556,yahoo.com
1557,google.coms
1558,facebook.com
1559,yahoo.com
1560,google.coms
1561,facebook.com
1562,yahoo.com
1563,google.coms
1564,facebook.com
1565,yahoo.com
1566,google.coms
1567,facebook.com
1568,yahoo.com
1569,google.coms
1570,facebook.com
1571,yahoo.com
1572,google.coms
1573,facebook.com
1574,yahoo.com
1575,google.coms
1576,facebook.com
1577,yahoo.com
1578,google.coms
1579,facebook.com
1580,yahoo.com
1581,google.coms
1582,facebook.com
1583,yahoo.com
1584,google.coms
1585,facebook.com
1586,yahoo.com
1587,google.coms
1588,facebook.com
1589,yahoo.com
1590,google.coms
1591,facebook.com
1592,yahoo.com
1593,google.coms
1594,facebook.com
1595,yahoo.com
1596,google.coms
1597,facebook.com
1598,yahoo.com
1599,google.coms
1600,facebook.com
1601,yahoo.com
1602,google.coms
1603,facebook.com
1604,yahoo.com
1605,google.coms
1606,facebook.com
1607,yahoo.com
1608,google.coms
1609,facebook.com
1610,yahoo.com
1611,google.coms
1612,facebook.com
1613,yahoo.com
1614,google.coms
1615,facebook.com
1616,yahoo.com
1617,google.coms
1618,facebook.com
1619,yahoo.com
1620,google.coms
1621,facebook.com
1622,yahoo.com
1623,google.coms
1624,facebook.com
1625,yahoo.com
1626,google.coms
1627,facebook.com
1628,yahoo.com
1629,google.coms
1630,facebook.com
1631,yahoo.com
1632,google.coms
1633,facebook.com
1634,yahoo.com
1635,google.coms
1636,facebook.com
1637,yahoo.com
1638,google.coms
1639,facebook.com
1640,yahoo.com
1641,google.coms
1642,facebook.com
1643,yahoo.com
1644,google.coms
1645,facebook.com
1646,yahoo.com
1647,google.coms
1648,facebook.com
1649,yahoo.com
1650,google.coms
1651,facebook.com
1652,yahoo.com
1653,google.coms
1654,facebook.com
1655,yahoo.com
1656,google.coms
1657,facebook.com
1658,yahoo.com
1659,google.coms
1660,facebook.com
1661,yahoo.com
1662,google.coms
1663,facebook.com
1664,yahoo.com
1665,google.coms
1666,facebook.com
1667,yahoo.com
1668,google.coms
1669,facebook.com
1670,yahoo.com
1671,google.coms
1672,facebook.com
1673,yahoo.com
1674,google.coms
1675,facebook.com
1676,yahoo.com
1677,google.coms
1678,facebook.com
1679,yahoo.com
1680,google.coms
1681,facebook.com
1682,yahoo.com
1683,google.coms
1684,facebook.com
1685,yahoo.com
1686,google.coms
1687,facebook.com
1688,yahoo.com
1689,google.coms
1690,facebook.com
1691,yahoo.com
1692,google.coms
1693,facebook.com
1694,yahoo.com
1695,google.coms
1696,facebook.com
1697,yahoo.com
1698,google.coms
1699,facebook.com
1700,yahoo.com
1701,google.coms
1702,facebook.com
1703,yahoo.com
1704,google.coms
1705,facebook.com
1706,yahoo.com
1707,google.coms
1708,facebook.com
1709,yahoo.com
1710,google.coms
1711,facebook.com
1712,yahoo.com
1713,google.coms
1714,facebook.com
1715,yahoo.com
1716,google.coms
1717,facebook.com
1718,yahoo.com
1719,google.coms
1720,facebook.com
1721,yahoo.com
1722,google.coms
1723,facebook.com
1724,yahoo.com
1725,google.coms
1726,facebook.com
1727,yahoo.com
1728,google.coms
1729,facebook.com
1730,yahoo.com
1731,google.coms
1732,facebook.com
1733,yahoo.com
1734,google.coms
1735,facebook.com
1736,yahoo.com
1737,google.coms
1738,facebook.com
1739,yahoo.com
1740,google.coms
1741,facebook.com
1742,yahoo.com
1743,google.coms
1744,facebook.com
1745,yahoo.com
1746,google.coms
1747,facebook.com
1748,yahoo.com
1749,google.coms
1750,facebook.com
1751,yahoo.com
1752,google.coms
1753,facebook.com
1754,yahoo.com
1755,google.coms
1756,facebook.com
1757,yahoo.com
1758,google.coms
1759,facebook.com
1760,yahoo.com
1761,google.coms
1762,facebook.com
1763,yahoo.com
1764,google.coms
1765,facebook.com
1766,yahoo.com
1767,google.coms
1768,facebook.com
1769,yahoo.com
1770,google.coms
1771,facebook.com
1772,yahoo.com
1773,google.coms
1774,facebook.com
1775,yahoo.com
1776,google.coms
1777,facebook.com
1778,yahoo.com
1779,google.coms
1780,facebook.com
1781,yahoo.com
1782,google.coms
1783,facebook.com
1784,yahoo.com
1785,google.coms
1786,facebook.com
1787,yahoo.com
1788,google.coms
1789,facebook.com
1790,yahoo.com
1791,google.coms
1792,facebook.com
1793,yahoo.com
1794,google.coms
1795,facebook.com
1796,yahoo.com
1797,google.coms
1798,facebook.com
1799,yahoo.com
1800,google.coms
1801,facebook.com
1802,yahoo.com
1803,google.coms
1804,facebook.com
1805,yahoo.com
1806,google.coms
1807,facebook.com
1808,yahoo.com
1809,google.coms
1810,facebook.com
1811,yahoo.com
1812,google.coms
1813,facebook.com
1814,yahoo.com
1815,google.coms
1816,facebook.com
1817,yahoo.com
1818,google.coms
1819,facebook.com
1820,yahoo.com
1821,google.coms
1822,facebook.com
1823,yahoo.com
1824,google.coms
1825,facebook.com
1826,yahoo.com
1827,google.coms
1828,facebook.com
1829,yahoo.com
1830,google.coms
1831,facebook.com
1832,yahoo.com
1833,google.coms
1834,facebook.com
1835,yahoo.com
1836,google.coms
1837,facebook.com
1838,yahoo.com
1839,google.coms
1840,facebook.com
1841,yahoo.com
1842,google.coms
1843,facebook.com
1844,yahoo.com
1845,google.coms
1846,facebook.com
1847,yahoo.com
1848,google.coms
1849,facebook.com
1850,yahoo.com
1851,google.coms
1852,facebook.com
1853,yahoo.com
1854,google.coms
1855,facebook.com
1856,yahoo.com
1857,google.coms
1858,facebook.com
1859,yahoo.com
1860,google.coms
1861,facebook.com
1862,yahoo.com
1863,google.coms
1864,facebook.com
1865,yahoo.com
1866,google.coms
1867,facebook.com
1868,yahoo.com
1869,google.coms
1870,facebook.com
1871,yahoo.com
1872,google.coms
1873,facebook.com
1874,yahoo.com
1875,google.coms
1876,facebook.com
1877,yahoo.com
1878,google.coms
1879,facebook.com
1880,yahoo.com
1881,google.coms
1882,facebook.com
1883,yahoo.com
1884,google.coms
1885,facebook.com
1886,yahoo.com
1887,google.coms
1888,facebook.com
1889,yahoo.com
1890,google.coms
1891,facebook.com
1892,yahoo.com
1893,google.coms
1894,facebook.com
1895,yahoo.com
1896,google.coms
1897,facebook.com
1898,yahoo.com
1899,google.coms
1900,facebook.com
1901,yahoo.com
1902,google.coms
1903,facebook.com
1904,yahoo.com
1905,google.coms
1906,facebook.com
1907,yahoo.com
1908,google.coms
1909,facebook.com
1910,yahoo.com
1911,google.coms
1912,facebook.com
1913,yahoo.com
1914,google.coms
1915,facebook.com
1916,yahoo.com
1917,google.coms
1918,facebook.com
1919,yahoo.com
1920,google.coms
1921,facebook.com
1922,yahoo.com
1923,google.coms
1924,facebook.com
1925,yahoo.com
1926,google.coms
1927,facebook.com
1928,yahoo.com
1929,google.coms
1930,facebook.com
1931,yahoo.com
1932,google.coms
1933,facebook.com
1934,yahoo.com
1935,google.coms
1936,facebook.com
1937,yahoo.com
1938,google.coms
1939,facebook.com
1940,yahoo.com
1941,google.coms
1942,facebook.com
1943,yahoo.com
1944,google.coms
1945,facebook.com
1946,yahoo.com
1947,google.coms
1948,facebook.com
1949,yahoo.com
1950,google.coms
1951,facebook.com
1952,yahoo.com
1953,google.coms
1954,facebook.com
1955,yahoo.com
1956,google.coms
1957,facebook.com
1958,yahoo.com
1959,google.coms
1960,facebook.com
1961,yahoo.com
1962,google.coms
1963,facebook.com
1964,yahoo.com
1965,google.coms
1966,facebook.com
1967,yahoo.com
1968,google.coms
1969,facebook.com
1970,yahoo.com
1971,google.coms
1972,facebook.com
1973,yahoo.com
1974,google.coms
1975,facebook.com
1976,yahoo.com
1977,google.coms
1978,facebook.com
1979,yahoo.com
1980,google.coms
1981,facebook.com
1982,yahoo.com
1983,google.coms
1984,facebook.com
1985,yahoo.com
1986,google.coms
1987,facebook.com
1988,yahoo.com
1989,google.coms
1990,facebook.com
1991,yahoo.com
1992,google.coms
1993,facebook.com
1994,yahoo.com
1995,google.coms
1996,facebook.com
1997,yahoo.com
1998,google.coms
1999,facebook.com
2000,yahoo.com
2001,google.coms
2002,facebook.com
2003,yahoo.com
2004,google.coms
2005,facebook.com
2006,yahoo.com
2007,google.coms
2008,facebook.com
2009,yahoo.com
2010,google.coms
2011,facebook.com
2012,yahoo.com
2013,google.coms
2014,facebook.com
2015,yahoo.com
2016,google.coms
2017,facebook.com
2018,yahoo.com
2019,google.coms
2020,facebook.com
2021,yahoo.com
2022,google.coms
2023,facebook.com
2024,yahoo.com
2025,google.coms
2026,facebook.com
2027,yahoo.com
2028,google.coms
2029,facebook.com
2030,yahoo.com
2031,google.coms
2032,facebook.com
2033,yahoo.com
2034,google.coms
2035,facebook.com
2036,yahoo.com
2037,google.coms
2038,facebook.com
2039,yahoo.com
2040,google.coms
2041,facebook.com
2042,yahoo.com
2043,google.coms
2044,facebook.com
2045,yahoo.com
2046,google.coms
2047,facebook.com
2048,yahoo.com
2049,google.coms
2050,facebook.com
2051,yahoo.com
2052,google.coms
2053,facebook.com
2054,yahoo.com
2055,google.coms
2056,facebook.com
2057,yahoo.com
2058,google.coms
2059,facebook.com
2060,yahoo.com
2061,google.coms
2062,facebook.com
2063,yahoo.com
2064,google.coms
2065,facebook.com
2066,yahoo.com
2067,google.coms
2068,facebook.com
2069,yahoo.com
2070,google.coms
2071,facebook.com
2072,yahoo.com
2073,google.coms
2074,facebook.com
2075,yahoo.com
2076,google.coms
2077,facebook.com
2078,yahoo.com
2079,google.coms
2080,facebook.com
2081,yahoo.com
2082,google.coms
2083,facebook.com
2084,yahoo.com
2085,google.coms
2086,facebook.com
2087,yahoo.com
2088,google.coms
2089,facebook.com
2090,yahoo.com
2091,google.coms
2092,facebook.com
2093,yahoo.com
2094,google.coms
2095,facebook.com
2096,yahoo.com
2097,google.coms
2098,facebook.com
2099,yahoo.com
2100,google.coms
2101,facebook.com
2102,yahoo.com
2103,google.coms
2104,facebook.com
2105,yahoo.com
2106,google.coms
2107,facebook.com
2108,yahoo.com
2109,google.coms
2110,facebook.com
2111,yahoo.com
2112,google.coms
2113,facebook.com
2114,yahoo.com
2115,google.coms
2116,facebook.com
2117,yahoo.com
2118,google.coms
2119,facebook.com
2120,yahoo.com
2121,google.coms
2122,facebook.com
2123,yahoo.com
2124,google.coms
2125,facebook.com
2126,yahoo.com
2127,google.coms
2128,facebook.com
2129,yahoo.com
2130,google.coms
2131,facebook.com
2132,yahoo.com
2133,google.coms
2134,facebook.com
2135,yahoo.com
2136,google.coms
2137,facebook.com
2138,yahoo.com
2139,google.coms
2140,facebook.com
2141,yahoo.com
2142,google.coms
2143,facebook.com
2144,yahoo.com
2145,google.coms
2146,facebook.com
2147,yahoo.com
2148,google.coms
2149,facebook.com
2150,yahoo.com
2151,google.coms
2152,facebook.com
2153,yahoo.com
2154,google.coms
2155,facebook.com
2156,yahoo.com
2157,google.coms
2158,facebook.com
2159,yahoo.com
2160,google.coms
2161,facebook.com
2162,yahoo.com
2163,google.coms
2164,facebook.com
2165,yahoo.com
2166,google.coms
2167,facebook.com
2168,yahoo.com
2169,google.coms
2170,facebook.com
2171,yahoo.com
2172,google.coms
2173,facebook.com
2174,yahoo.com
2175,google.coms
2176,facebook.com
2177,yahoo.com
2178,google.coms
2179,facebook.com
2180,yahoo.com
2181,google.coms
2182,facebook.com
2183,yahoo.com
2184,google.coms
2185,facebook.com
2186,yahoo.com
2187,google.coms
2188,facebook.com
2189,yahoo.com
2190,google.coms
2191,facebook.com
2192,yahoo.com
2193,google.coms
2194,facebook.com
2195,yahoo.com
2196,google.coms
2197,facebook.com
2198,yahoo.com
2199,google.coms
2200,facebook.com
2201,yahoo.com
2202,google.coms
2203,facebook.com
2204,yahoo.com
2205,google.coms
2206,facebook.com
2207,yahoo.com
2208,google.coms
2209,facebook.com
2210,yahoo.com
2211,google.coms
2212,facebook.com
2213,yahoo.com
2214,google.coms
2215,facebook.com
2216,yahoo.com
2217,google.coms
2218,facebook.com
2219,yahoo.com
2220,google.coms
2221,facebook.com
2222,yahoo.com
2223,google.coms
2224,facebook.com
2225,yahoo.com
2226,google.coms
2227,facebook.com
2228,yahoo.com
2229,google.coms
2230,facebook.com
2231,yahoo.com
2232,google.coms
2233,facebook.com
2234,yahoo.com
2235,google.coms
2236,facebook.com
2237,yahoo.com
2238,google.coms
2239,facebook.com
2240,yahoo.com
2241,google.coms
2242,facebook.com
2243,yahoo.com
2244,google.coms
2245,facebook.com
2246,yahoo.com
2247,google.coms
2248,facebook.com
2249,yahoo.com
2250,google.coms
2251,facebook.com
2252,yahoo.com
2253,google.coms
2254,facebook.com
2255,yahoo.com
2256,google.coms
2257,facebook.com
2258,yahoo.com
2259,google.coms
2260,facebook.com
2261,yahoo.com
2262,google.coms
2263,facebook.com
2264,yahoo.com
2265,google.coms
2266,facebook.com
2267,yahoo.com
2268,google.coms
2269,facebook.com
2270,yahoo.com
2271,google.coms
2272,facebook.com
2273,yahoo.com
2274,google.coms
2275,facebook.com
2276,yahoo.com
2277,google.coms
2278,facebook.com
2279,yahoo.com
2280,google.coms
2281,facebook.com
2282,yahoo.com
2283,google.coms
2284,facebook.com
2285,yahoo.com
2286,google.coms
2287,facebook.com
2288,yahoo.com
2289,google.coms
2290,facebook.com
2291,yahoo.com
2292,google.coms
2293,facebook.com
2294,yahoo.com
2295,google.coms
2296,facebook.com
2297,yahoo.com
2298,google.coms
2299,facebook.com
2300,yahoo.com
2301,google.coms
2302,facebook.com
2303,yahoo.com
2304,google.coms
2305,facebook.com
2306,yahoo.com
2307,google.coms
2308,facebook.com
2309,yahoo.com
2310,google.coms
2311,facebook.com
2312,yahoo.com
2313,google.coms
2314,facebook.com
2315,yahoo.com
2316,google.coms
2317,facebook.com
2318,yahoo.com
2319,google.coms
2320,facebook.com
2321,yahoo.com
2322,google.coms
2323,facebook.com
2324,yahoo.com
2325,google.coms
2326,facebook.com
2327,yahoo.com
2328,google.coms
2329,facebook.com
2330,yahoo.com
2331,google.coms
2332,facebook.com
2333,yahoo.com
2334,google.coms
2335,facebook.com
2336,yahoo.com
2337,google.coms
2338,facebook.com
2339,yahoo.com
2340,google.coms
2341,facebook.com
2342,yahoo.com
2343,google.coms
2344,facebook.com
2345,yahoo.com
2346,google.coms
2347,facebook.com
2348,yahoo.com
2349,google.coms
2350,facebook.com
2351,yahoo.com
2352,google.coms
2353,facebook.com
2354,yahoo.com
2355,google.coms
2356,facebook.com
2357,yahoo.com
2358,google.coms
2359,facebook.com
2360,yahoo.com
2361,google.coms
2362,facebook.com
2363,yahoo.com
2364,google.coms
2365,facebook.com
2366,yahoo.com
2367,google.coms
2368,facebook.com
2369,yahoo.com
2370,google.coms
2371,facebook.com
2372,yahoo.com
2373,google.coms
2374,facebook.com
2375,yahoo.com
2376,google.coms
2377,facebook.com
2378,yahoo.com
2379,google.coms
2380,facebook.com
2381,yahoo.com
2382,google.coms
2383,facebook.com
2384,yahoo.com
2385,google.coms
2386,facebook.com
2387,yahoo.com
2388,google.coms
2389,facebook.com
2390,yahoo.com
2391,google.coms
2392,facebook.com
2393,yahoo.com
2394,google.coms
2395,facebook.com
2396,yahoo.com
2397,google.coms
2398,facebook.com
2399,yahoo.com
2400,google.coms
2401,facebook.com
2402,yahoo.com
2403,google.coms
2404,facebook.com
2405,yahoo.com
2406,google.coms
2407,facebook.com
2408,yahoo.com
2409,google.coms
2410,facebook.com
2411,yahoo.com
2412,google.coms
2413,facebook.com
2414,yahoo.com
2415,google.coms
2416,facebook.com
2417,yahoo.com
2418,google.coms
2419,facebook.com
2420,yahoo.com
2421,google.coms
2422,facebook.com
2423,yahoo.com
2424,google.coms
2425,facebook.com
2426,yahoo.com
2427,google.coms
2428,facebook.com
2429,yahoo.com
2430,google.coms
2431,facebook.com
2432,yahoo.com
2433,google.coms
2434,facebook.com
2435,yahoo.com
2436,google.coms
2437,facebook.com
2438,yahoo.com
2439,google.coms
2440,facebook.com
2441,yahoo.com
2442,google.coms
2443,facebook.com
2444,yahoo.com
2445,google.coms
2446,facebook.com
2447,yahoo.com
2448,google.coms
2449,facebook.com
2450,yahoo.com
2451,google.coms
2452,facebook.com
2453,yahoo.com
2454,google.coms
2455,facebook.com
2456,yahoo.com
2457,google.coms
2458,facebook.com
2459,yahoo.com
2460,google.coms
2461,facebook.com
2462,yahoo.com
2463,google.coms
2464,facebook.com
2465,yahoo.com
2466,google.coms
2467,facebook.com
2468,yahoo.com
2469,google.coms
2470,facebook.com
2471,yahoo.com
2472,google.coms
2473,facebook.com
2474,yahoo.com
2475,google.coms
2476,facebook.com
2477,yahoo.com
2478,google.coms
2479,facebook.com
2480,yahoo.com
2481,google.coms
2482,facebook.com
2483,yahoo.com
2484,google.coms
2485,facebook.com
2486,yahoo.com
2487,google.coms
2488,facebook.com
2489,yahoo.com
2490,google.coms
2491,facebook.com
2492,yahoo.com
2493,google.coms
2494,facebook.com
2495,yahoo.com
2496,google.coms
2497,facebook.com
2498,yahoo.com
2499,google.coms
2500,facebook.com
2501,yahoo.com
2502,google.coms
2503,facebook.com
2504,yahoo.com
2505,google.coms
2506,facebook.com
2507,yahoo.com
2508,google.coms
2509,facebook.com
2510,yahoo.com
2511,google.coms
2512,facebook.com
2513,yahoo.com
2514,google.coms
2515,facebook.com
2516,yahoo.com
2517,google.coms
2518,facebook.com
2519,yahoo.com
2520,google.coms
2521,facebook.com
2522,yahoo.com
2523,google.coms
2524,facebook.com
2525,yahoo.com
2526,google.coms
2527,facebook.com
2528,yahoo.com
2529,google.coms
2530,facebook.com
2531,yahoo.com
2532,google.coms
2533,facebook.com
2534,yahoo.com
2535,google.coms
2536,facebook.com
2537,yahoo.com
2538,google.coms
2539,facebook.com
2540,yahoo.com
2541,google.coms
2542,facebook.com
2543,yahoo.com
2544,google.coms
2545,facebook.com
2546,yahoo.com
2547,google.coms
2548,facebook.com
2549,yahoo.com
2550,google.coms
2551,facebook.com
2552,yahoo.com
2553,google.coms
2554,facebook.com
2555,yahoo.com
2556,google.coms
2557,facebook.com
2558,yahoo.com
2559,google.coms
2560,facebook.com
2561,yahoo.com
2562,google.coms
2563,facebook.com
2564,yahoo.com
2565,google.coms
2566,facebook.com
2567,yahoo.com
2568,google.coms
2569,facebook.com
2570,yahoo.com
2571,google.coms
2572,facebook.com
2573,yahoo.com
2574,google.coms
2575,facebook.com
2576,yahoo.com
2577,google.coms
2578,facebook.com
2579,yahoo.com
2580,google.coms
2581,facebook.com
2582,yahoo.com
2583,google.coms
2584,facebook.com
2585,yahoo.com
2586,google.coms
2587,facebook.com
2588,yahoo.com
2589,google.coms
2590,facebook.com
2591,yahoo.com
2592,google.coms
2593,facebook.com
2594,yahoo.com
2595,google.coms
2596,facebook.com
2597,yahoo.com
2598,google.coms
2599,facebook.com
2600,yahoo.com
2601,google.coms
2602,facebook.com
2603,yahoo.com
2604,google.coms
2605,facebook.com
2606,yahoo.com
2607,google.coms
2608,facebook.com
2609,yahoo.com
2610,google.coms
2611,facebook.com
2612,yahoo.com
2613,google.coms
2614,facebook.com
2615,yahoo.com
2616,google.coms
2617,facebook.com
2618,yahoo.com
2619,google.coms
2620,facebook.com
2621,yahoo.com
2622,google.coms
2623,facebook.com
2624,yahoo.com
2625,google.coms
2626,facebook.com
2627,yahoo.com
2628,google.coms
2629,facebook.com
2630,yahoo.com
2631,google.coms
2632,facebook.com
2633,yahoo.com
2634,google.coms
2635,facebook.com
2636,yahoo.com
2637,google.coms
2638,facebook.com
2639,yahoo.com
2640,google.coms
2641,facebook.com
2642,yahoo.com
2643,google.coms
2644,facebook.com
2645,yahoo.com
2646,google.coms
2647,facebook.com
2648,yahoo.com
2649,google.coms
2650,facebook.com
2651,yahoo.com
2652,google.coms
2653,facebook.com
2654,yahoo.com
2655,google.coms
2656,facebook.com
2657,yahoo.com
2658,google.coms
2659,facebook.com
2660,yahoo.com
2661,google.coms
2662,facebook.com
2663,yahoo.com
2664,google.coms
2665,facebook.com
2666,yahoo.com
2667,google.coms
2668,facebook.com
2669,yahoo.com
2670,google.coms
2671,facebook.com
2672,yahoo.com
2673,google.coms
2674,facebook.com
2675,yahoo.com
2676,google.coms
2677,facebook.com
2678,yahoo.com
2679,google.coms
2680,facebook.com
2681,yahoo.com
2682,google.coms
2683,facebook.com
2684,yahoo.com
2685,google.coms
2686,facebook.com
2687,yahoo.com
2688,google.coms
2689,facebook.com
2690,yahoo.com
2691,google.coms
2692,facebook.com
2693,yahoo.com
2694,google.coms
2695,facebook.com
2696,yahoo.com
2697,google.coms
2698,facebook.com
2699,yahoo.com
2700,google.coms
2701,facebook.com
2702,yahoo.com
2703,google.coms
2704,facebook.com
2705,yahoo.com
2706,google.coms
2707,facebook.com
2708,yahoo.com
2709,google.coms
2710,facebook.com
2711,yahoo.com
2712,google.coms
2713,facebook.com
2714,yahoo.com
2715,google.coms
2716,facebook.com
2717,yahoo.com
2718,google.coms
2719,facebook.com
2720,yahoo.com
2721,google.coms
2722,facebook.com
2723,yahoo.com
2724,google.coms
2725,facebook.com
2726,yahoo.com
2727,google.coms
2728,facebook.com
2729,yahoo.com
2730,google.coms
2731,facebook.com
2732,yahoo.com
2733,google.coms
2734,facebook.com
2735,yahoo.com
2736,google.coms
2737,facebook.com
2738,yahoo.com
2739,google.coms
2740,facebook.com
2741,yahoo.com
2742,google.coms
2743,facebook.com
2744,yahoo.com
2745,google.coms
2746,facebook.com
2747,yahoo.com
2748,google.coms
2749,facebook.com
2750,yahoo.com
2751,google.coms
2752,facebook.com
2753,yahoo.com
2754,google.coms
2755,facebook.com
2756,yahoo.com
2757,google.coms
2758,facebook.com
2759,yahoo.com
2760,google.coms
2761,facebook.com
2762,yahoo.com
2763,google.coms
2764,facebook.com
2765,yahoo.com
2766,google.coms
2767,facebook.com
2768,yahoo.com
2769,google.coms
2770,facebook.com
2771,yahoo.com
2772,google.coms
2773,facebook.com
2774,yahoo.com
2775,google.coms
2776,facebook.com
2777,yahoo.com
2778,google.coms
2779,facebook.com
2780,yahoo.com
2781,google.coms
2782,facebook.com
2783,yahoo.com
2784,google.coms
2785,facebook.com
2786,yahoo.com
2787,google.coms
2788,facebook.com
2789,yahoo.com
2790,google.coms
2791,facebook.com
2792,yahoo.com
2793,google.coms
2794,facebook.com
2795,yahoo.com
2796,google.coms
2797,facebook.com
2798,yahoo.com
2799,google.coms
2800,facebook.com
2801,yahoo.com
2802,google.coms
2803,facebook.com
2804,yahoo.com
2805,google.coms
2806,facebook.com
2807,yahoo.com
2808,google.coms
2809,facebook.com
2810,yahoo.com
2811,google.coms
2812,facebook.com
2813,yahoo.com
2814,google.coms
2815,facebook.com
2816,yahoo.com
2817,google.coms
2818,facebook.com
2819,yahoo.com
2820,google.coms
2821,facebook.com
2822,yahoo.com
2823,google.coms
2824,facebook.com
2825,yahoo.com
2826,google.coms
2827,facebook.com
2828,yahoo.com
2829,google.coms
2830,facebook.com
2831,yahoo.com
2832,google.coms
2833,facebook.com
2834,yahoo.com
2835,google.coms
2836,facebook.com
2837,yahoo.com
2838,google.coms
2839,facebook.com
2840,yahoo.com
2841,google.coms
2842,facebook.com
2843,yahoo.com
2844,google.coms
2845,facebook.com
2846,yahoo.com
2847,google.coms
2848,facebook.com
2849,yahoo.com
2850,google.coms
2851,facebook.com
2852,yahoo.com
2853,google.coms
2854,facebook.com
2855,yahoo.com
2856,google.coms
2857,facebook.com
2858,yahoo.com
2859,google.coms
2860,facebook.com
2861,yahoo.com
2862,google.coms
2863,facebook.com
2864,yahoo.com
2865,google.coms
2866,facebook.com
2867,yahoo.com
2868,google.coms
2869,facebook.com
2870,yahoo.com
2871,google.coms
2872,facebook.com
2873,yahoo.com
2874,google.coms
2875,facebook.com
2876,yahoo.com
2877,google.coms
2878,facebook.com
2879,yahoo.com
2880,google.coms
2881,facebook.com
2882,yahoo.com
2883,google.coms
2884,facebook.com
2885,yahoo.com
2886,google.coms
2887,facebook.com
2888,yahoo.com
2889,google.coms
2890,facebook.com
2891,yahoo.com
2892,google.coms
2893,facebook.com
2894,yahoo.com
2895,google.coms
2896,facebook.com
2897,yahoo.com
2898,google.coms
2899,facebook.com
2900,yahoo.com
2901,google.coms
2902,facebook.com
2903,yahoo.com
2904,google.coms
2905,facebook.com
2906,yahoo.com
2907,google.coms
2908,facebook.com
2909,yahoo.com
2910,google.coms
2911,facebook.com
2912,yahoo.com
2913,google.coms
2914,facebook.com
2915,yahoo.com
2916,google.coms
2917,facebook.com
2918,yahoo.com
2919,google.coms
2920,facebook.com
2921,yahoo.com
2922,google.coms
2923,facebook.com
2924,yahoo.com
2925,google.coms
2926,facebook.com
2927,yahoo.com
2928,google.coms
2929,facebook.com
2930,yahoo.com
2931,google.coms
2932,facebook.com
2933,yahoo.com
2934,google.coms
2935,facebook.com
2936,yahoo.com
2937,google.coms
2938,facebook.com
2939,yahoo.com
2940,google.coms
2941,facebook.com
2942,yahoo.com
2943,google.coms
2944,facebook.com
2945,yahoo.com
2946,google.coms
2947,facebook.com
2948,yahoo.com
2949,google.coms
2950,facebook.com
2951,yahoo.com
2952,google.coms
2953,facebook.com
2954,yahoo.com
2955,google.coms
2956,facebook.com
2957,yahoo.com
2958,google.coms
2959,facebook.com
2960,yahoo.com
2961,google.coms
2962,facebook.com
2963,yahoo.com
2964,google.coms
2965,facebook.com
2966,yahoo.com
2967,google.coms
2968,facebook.com
2969,yahoo.com
2970,google.coms
2971,facebook.com
2972,yahoo.com
2973,google.coms
2974,facebook.com
2975,yahoo.com
2976,google.coms
2977,facebook.com
2978,yahoo.com
2979,google.coms
2980,facebook.com
2981,yahoo.com
2982,google.coms
2983,facebook.com
2984,yahoo.com
2985,google.coms
2986,facebook.com
2987,yahoo.com
2988,google.coms
2989,facebook.com
2990,yahoo.com
2991,google.coms
2992,facebook.com
2993,yahoo.com
2994,google.coms
2995,facebook.com
2996,yahoo.com
2997,google.coms
2998,facebook.com
2999,yahoo.com
3000,google.coms
3001,facebook.com
3002,yahoo.com
3003,google.coms
3004,facebook.com
3005,yahoo.com
3006,google.coms
3007,facebook.com
3008,yahoo.com
3009,google.coms
3010,facebook.com
3011,yahoo.com
3012,google.coms
3013,facebook.com
3014,yahoo.com
3015,google.coms
3016,facebook.com
3017,yahoo.com
3018,google.coms
3019,facebook.com
3020,yahoo.com
3021,google.coms
3022,facebook.com
3023,yahoo.com
3024,google.coms
3025,facebook.com
3026,yahoo.com
3027,google.coms
3028,facebook.com
3029,yahoo.com
3030,google.coms
3031,facebook.com
3032,yahoo.com
3033,google.coms
3034,facebook.com
3035,yahoo.com
3036,google.coms
3037,facebook.com
3038,yahoo.com
3039,google.coms
3040,facebook.com
3041,yahoo.com
3042,google.coms
3043,facebook.com
3044,yahoo.com
3045,google.coms
3046,facebook.com
3047,yahoo.com
3048,google.coms
3049,facebook.com
3050,yahoo.com
3051,google.coms
3052,facebook.com
3053,yahoo.com
3054,google.coms
3055,facebook.com
3056,yahoo.com
3057,google.coms
3058,facebook.com
3059,yahoo.com
3060,google.coms
3061,facebook.com
3062,yahoo.com
3063,google.coms
3064,facebook.com
3065,yahoo.com
3066,google.coms
3067,facebook.com
3068,yahoo.com
3069,google.coms
3070,facebook.com
3071,yahoo.com
3072,google.coms
3073,facebook.com
3074,yahoo.com
3075,google.coms
3076,facebook.com
3077,yahoo.com
3078,google.coms
3079,facebook.com
3080,yahoo.com
3081,google.coms
3082,facebook.com
3083,yahoo.com
3084,google.coms
3085,facebook.com
3086,yahoo.com
3087,google.coms
3088,facebook.com
3089,yahoo.com
3090,google.coms
3091,facebook.com
3092,yahoo.com
3093,google.coms
3094,facebook.com
3095,yahoo.com
3096,google.coms
3097,facebook.com
3098,yahoo.com
3099,google.coms
3100,facebook.com
3101,yahoo.com
3102,google.coms
3103,facebook.com
3104,yahoo.com
3105,google.coms
3106,facebook.com
3107,yahoo.com
3108,google.coms
3109,facebook.com
3110,yahoo.com
3111,google.coms
3112,facebook.com
3113,yahoo.com
3114,google.coms
3115,facebook.com
3116,yahoo.com
3117,google.coms
3118,facebook.com
3119,yahoo.com
3120,google.coms
3121,facebook.com
3122,yahoo.com
3123,google.coms
3124,facebook.com
3125,yahoo.com
3126,google.coms
3127,facebook.com
3128,yahoo.com
3129,google.coms
3130,facebook.com
3131,yahoo.com
3132,google.coms
3133,facebook.com
3134,yahoo.com
3135,google.coms
3136,facebook.com
3137,yahoo.com
3138,google.coms
3139,facebook.com
3140,yahoo.com
3141,google.coms
3142,facebook.com
3143,yahoo.com
3144,google.coms
3145,facebook.com
3146,yahoo.com
3147,google.coms
3148,facebook.com
3149,yahoo.com
3150,google.coms
3151,facebook.com
3152,yahoo.com
3153,google.coms
3154,facebook.com
3155,yahoo.com
3156,google.coms
3157,facebook.com
3158,yahoo.com
3159,google.coms
3160,facebook.com
3161,yahoo.com
3162,google.coms
3163,facebook.com
3164,yahoo.com
3165,google.coms
3166,facebook.com
3167,yahoo.com
3168,google.coms
3169,facebook.com
3170,yahoo.com
3171,google.coms
3172,facebook.com
3173,yahoo.com
3174,google.coms
3175,facebook.com
3176,yahoo.com
3177,google.coms
3178,facebook.com
3179,yahoo.com
3180,google.coms
3181,facebook.com
3182,yahoo.com
3183,google.coms
3184,facebook.com
3185,yahoo.com
3186,google.coms
3187,facebook.com
3188,yahoo.com
3189,google.coms
3190,facebook.com
3191,yahoo.com
3192,google.coms
3193,facebook.com
3194,yahoo.com
3195,google.coms
3196,facebook.com
3197,yahoo.com
3198,google.coms
3199,facebook.com
3200,yahoo.com
3201,google.coms
3202,facebook.com
3203,yahoo.com
3204,google.coms
3205,facebook.com
3206,yahoo.com
3207,google.coms
3208,facebook.com
3209,yahoo.com
3210,google.coms
3211,facebook.com
3212,yahoo.com
3213,google.coms
3214,facebook.com
3215,yahoo.com
3216,google.coms
3217,facebook.com
3218,yahoo.com
3219,google.coms
3220,facebook.com
3221,yahoo.com
3222,google.coms
3223,facebook.com
3224,yahoo.com
3225,google.coms
3226,facebook.com
3227,yahoo.com
3228,google.coms
3229,facebook.com
3230,yahoo.com
3231,google.coms
3232,facebook.com
3233,yahoo.com
3234,google.coms
3235,facebook.com
3236,yahoo.com
3237,google.coms
3238,facebook.com
3239,yahoo.com
3240,google.coms
3241,facebook.com
3242,yahoo.com
3243,google.coms
3244,facebook.com
3245,yahoo.com
3246,google.coms
3247,facebook.com
3248,yahoo.com
3249,google.coms
3250,facebook.com
3251,yahoo.com
3252,google.coms
3253,facebook.com
3254,yahoo.com
3255,google.coms
3256,facebook.com
3257,yahoo.com
3258,google.coms
3259,facebook.com
3260,yahoo.com
3261,google.coms
3262,facebook.com
3263,yahoo.com
3264,google.coms
3265,facebook.com
3266,yahoo.com
3267,google.coms
3268,facebook.com
3269,yahoo.com
3270,google.coms
3271,facebook.com
3272,yahoo.com
3273,google.coms
3274,facebook.com
3275,yahoo.com
3276,google.coms
3277,facebook.com
3278,yahoo.com
3279,google.coms
3280,facebook.com
3281,yahoo.com
3282,google.coms
3283,facebook.com
3284,yahoo.com
3285,google.coms
3286,facebook.com
3287,yahoo.com
3288,google.coms
3289,facebook.com
3290,yahoo.com
3291,google.coms
3292,facebook.com
3293,yahoo.com
3294,google.coms
3295,facebook.com
3296,yahoo.com
3297,google.coms
3298,facebook.com
3299,yahoo.com
3300,google.coms
3301,facebook.com
3302,yahoo.com
3303,google.coms
3304,facebook.com
3305,yahoo.com
3306,google.coms
3307,facebook.com
3308,yahoo.com
3309,google.coms
3310,facebook.com
3311,yahoo.com
3312,google.coms
3313,facebook.com
3314,yahoo.com
3315,google.coms
3316,facebook.com
3317,yahoo.com
3318,google.coms
3319,facebook.com
3320,yahoo.com
3321,google.coms
3322,facebook.com
3323,yahoo.com
3324,google.coms
3325,facebook.com
3326,yahoo.com
3327,google.coms
3328,facebook.com
3329,yahoo.com
3330,google.coms
3331,facebook.com
3332,yahoo.com
3333,google.coms
3334,facebook.com
3335,yahoo.com
3336,google.coms
3337,facebook.com
3338,yahoo.com
3339,google.coms
3340,facebook.com
3341,yahoo.com
3342,google.coms
3343,facebook.com
3344,yahoo.com
3345,google.coms
3346,facebook.com
3347,yahoo.com
3348,google.coms
3349,facebook.com
3350,yahoo.com
3351,google.coms
3352,facebook.com
3353,yahoo.com
3354,google.coms
3355,facebook.com
3356,yahoo.com
3357,google.coms
3358,facebook.com
3359,yahoo.com
3360,google.coms
3361,facebook.com
3362,yahoo.com
3363,google.coms
3364,facebook.com
3365,yahoo.com
3366,google.coms
3367,facebook.com
3368,yahoo.com
3369,google.coms
3370,facebook.com
3371,yahoo.com
3372,google.coms
3373,facebook.com
3374,yahoo.com
3375,google.coms
3376,facebook.com
3377,yahoo.com
3378,google.coms
3379,facebook.com
3380,yahoo.com
3381,google.coms
3382,facebook.com
3383,yahoo.com
3384,google.coms
3385,facebook.com
3386,yahoo.com
3387,google.coms
3388,facebook.com
3389,yahoo.com
3390,google.coms
3391,facebook.com
3392,yahoo.com
3393,google.coms
3394,facebook.com
3395,yahoo.com
3396,google.coms
3397,facebook.com
3398,yahoo.com
3399,google.coms
3400,facebook.com
3401,yahoo.com
3402,google.coms
3403,facebook.com
3404,yahoo.com
3405,google.coms
3406,facebook.com
3407,yahoo.com
3408,google.coms
3409,facebook.com
3410,yahoo.com
3411,google.coms
3412,facebook.com
3413,yahoo.com
3414,google.coms
3415,facebook.com
3416,yahoo.com
3417,google.coms
3418,facebook.com
3419,yahoo.com
3420,google.coms
3421,facebook.com
3422,yahoo.com
3423,google.coms
3424,facebook.com
3425,yahoo.com
3426,google.coms
3427,facebook.com
3428,yahoo.com
3429,google.coms
3430,facebook.com
3431,yahoo.com
3432,google.coms
3433,facebook.com
3434,yahoo.com
3435,google.coms
3436,facebook.com
3437,yahoo.com
3438,google.coms
3439,facebook.com
3440,yahoo.com
3441,google.coms
3442,facebook.com
3443,yahoo.com
3444,google.coms
3445,facebook.com
3446,yahoo.com
3447,google.coms
3448,facebook.com
3449,yahoo.com
3450,google.coms
3451,facebook.com
3452,yahoo.com
3453,google.coms
3454,facebook.com
3455,yahoo.com
3456,google.coms
3457,facebook.com
3458,yahoo.com
3459,google.coms
3460,facebook.com
3461,yahoo.com
3462,google.coms
3463,facebook.com
3464,yahoo.com
3465,google.coms
3466,facebook.com
3467,yahoo.com
3468,google.coms
3469,facebook.com
3470,yahoo.com
3471,google.coms
3472,facebook.com
3473,yahoo.com
3474,google.coms
3475,facebook.com
3476,yahoo.com
3477,google.coms
3478,facebook.com
3479,yahoo.com
3480,google.coms
3481,facebook.com
3482,yahoo.com
3483,google.coms
3484,facebook.com
3485,yahoo.com
3486,google.coms
3487,facebook.com
3488,yahoo.com
3489,google.coms
3490,facebook.com
3491,yahoo.com
3492,google.coms
3493,facebook.com
3494,yahoo.com
3495,google.coms
3496,facebook.com
3497,yahoo.com
3498,google.coms
3499,facebook.com
3500,yahoo.com
3501,google.coms
3502,facebook.com
3503,yahoo.com
3504,google.coms
3505,facebook.com
3506,yahoo.com
3507,google.coms
3508,facebook.com
3509,yahoo.com
3510,google.coms
3511,facebook.com
3512,yahoo.com
3513,google.coms
3514,facebook.com
3515,yahoo.com
3516,google.coms
3517,facebook.com
3518,yahoo.com
3519,google.coms
3520,facebook.com
3521,yahoo.com
3522,google.coms
3523,facebook.com
3524,yahoo.com
3525,google.coms
3526,facebook.com
3527,yahoo.com
3528,google.coms
3529,facebook.com
3530,yahoo.com
3531,google.coms
3532,facebook.com
3533,yahoo.com
3534,google.coms
3535,facebook.com
3536,yahoo.com
3537,google.coms
3538,facebook.com
3539,yahoo.com
3540,google.coms
3541,facebook.com
3542,yahoo.com
3543,google.coms
3544,facebook.com
3545,yahoo.com
3546,google.coms
3547,facebook.com
3548,yahoo.com
3549,google.coms
3550,facebook.com
3551,yahoo.com
3552,google.coms
3553,facebook.com
3554,yahoo.com
3555,google.coms
3556,facebook.com
3557,yahoo.com
3558,google.coms
3559,facebook.com
3560,yahoo.com
3561,google.coms
3562,facebook.com
3563,yahoo.com
3564,google.coms
3565,facebook.com
3566,yahoo.com
3567,google.coms
3568,facebook.com
3569,yahoo.com
3570,google.coms
3571,facebook.com
3572,yahoo.com
3573,google.coms
3574,facebook.com
3575,yahoo.com
3576,google.coms
3577,facebook.com
3578,yahoo.com
3579,google.coms
3580,facebook.com
3581,yahoo.com
3582,google.coms
3583,facebook.com
3584,yahoo.com
3585,google.coms
3586,facebook.com
3587,yahoo.com
3588,google.coms
3589,facebook.com
3590,yahoo.com
3591,google.coms
3592,facebook.com
3593,yahoo.com
3594,google.coms
3595,facebook.com
3596,yahoo.com
3597,google.coms
3598,facebook.com
3599,yahoo.com
3600,google.coms
3601,facebook.com
3602,yahoo.com
3603,google.coms
3604,facebook.com
3605,yahoo.com
3606,google.coms
3607,facebook.com
3608,yahoo.com
3609,google.coms
3610,facebook.com
3611,yahoo.com
3612,google.coms
3613,facebook.com
3614,yahoo.com
3615,google.coms
3616,facebook.com
3617,yahoo.com
3618,google.coms
3619,facebook.com
3620,yahoo.com
3621,google.coms
3622,facebook.com
3623,yahoo.com
3624,google.coms
3625,facebook.com
3626,yahoo.com
3627,google.coms
3628,facebook.com
3629,yahoo.com
3630,google.coms
3631,facebook.com
3632,yahoo.com
3633,google.coms
3634,facebook.com
3635,yahoo.com
3636,google.coms
3637,facebook.com
3638,yahoo.com
3639,google.coms
3640,facebook.com
3641,yahoo.com
3642,google.coms
3643,facebook.com
3644,yahoo.com
3645,google.coms
3646,facebook.com
3647,yahoo.com
3648,google.coms
3649,facebook.com
3650,yahoo.com
3651,google.coms
3652,facebook.com
3653,yahoo.com
3654,google.coms
3655,facebook.com
3656,yahoo.com
3657,google.coms
3658,facebook.com
3659,yahoo.com
3660,google.coms
3661,facebook.com
3662,yahoo.com
3663,google.coms
3664,facebook.com
3665,yahoo.com
3666,google.coms
3667,facebook.com
3668,yahoo.com
3669,google.coms
3670,facebook.com
3671,yahoo.com
3672,google.coms
3673,facebook.com
3674,yahoo.com
3675,google.coms
3676,facebook.com
3677,yahoo.com
3678,google.coms
3679,facebook.com
3680,yahoo.com
3681,google.coms
3682,facebook.com
3683,yahoo.com
3684,google.coms
3685,facebook.com
3686,yahoo.com
3687,google.coms
3688,facebook.com
3689,yahoo.com
3690,google.coms
3691,facebook.com
3692,yahoo.com
3693,google.coms
3694,facebook.com
3695,yahoo.com
3696,google.coms
3697,facebook.com
3698,yahoo.com
3699,google.coms
3700,facebook.com
3701,yahoo.com
3702,google.coms
3703,facebook.com
3704,yahoo.com
3705,google.coms
3706,facebook.com
3707,yahoo.com
3708,google.coms
3709,facebook.com
3710,yahoo.com
3711,google.coms
3712,facebook.com
3713,yahoo.com
3714,google.coms
3715,facebook.com
3716,yahoo.com
3717,google.coms
3718,facebook.com
3719,yahoo.com
3720,google.coms
3721,facebook.com
3722,yahoo.com
3723,google.coms
3724,facebook.com
3725,yahoo.com
3726,google.coms
3727,facebook.com
3728,yahoo.com
3729,google.coms
3730,facebook.com
3731,yahoo.com
3732,google.coms
3733,facebook.com
3734,yahoo.com
3735,google.coms
3736,facebook.com
3737,yahoo.com
3738,google.coms
3739,facebook.com
3740,yahoo.com
3741,google.coms
3742,facebook.com
3743,yahoo.com
3744,google.coms
3745,facebook.com
3746,yahoo.com
3747,google.coms
3748,facebook.com
3749,yahoo.com
3750,google.coms
3751,facebook.com
3752,yahoo.com
3753,google.coms
3754,facebook.com
3755,yahoo.com
3756,google.coms
3757,facebook.com
3758,yahoo.com
3759,google.coms
3760,facebook.com
3761,yahoo.com
3762,google.coms
3763,facebook.com
3764,yahoo.com
3765,google.coms
3766,facebook.com
3767,yahoo.com
3768,google.coms
3769,facebook.com
3770,yahoo.com
3771,google.coms
3772,facebook.com
3773,yahoo.com
3774,google.coms
3775,facebook.com
3776,yahoo.com
3777,google.coms
3778,facebook.com
3779,yahoo.com
3780,google.coms
3781,facebook.com
3782,yahoo.com
3783,google.coms
3784,facebook.com
3785,yahoo.com
3786,google.coms
3787,facebook.com
3788,yahoo.com
3789,google.coms
3790,facebook.com
3791,yahoo.com
3792,google.coms
3793,facebook.com
3794,yahoo.com
3795,google.coms
3796,facebook.com
3797,yahoo.com
3798,google.coms
3799,facebook.com
3800,yahoo.com
3801,google.coms
3802,facebook.com
3803,yahoo.com
3804,google.coms
3805,facebook.com
3806,yahoo.com
3807,google.coms
3808,facebook.com
3809,yahoo.com
3810,google.coms
3811,facebook.com
3812,yahoo.com
3813,google.coms
3814,facebook.com
3815,yahoo.com
3816,google.coms
3817,facebook.com
3818,yahoo.com
3819,google.coms
3820,facebook.com
3821,yahoo.com
3822,google.coms
3823,facebook.com
3824,yahoo.com
3825,google.coms
3826,facebook.com
3827,yahoo.com
3828,google.coms
3829,facebook.com
3830,yahoo.com
3831,google.coms
3832,facebook.com
3833,yahoo.com
3834,google.coms
3835,facebook.com
3836,yahoo.com
3837,google.coms
3838,facebook.com
3839,yahoo.com
3840,google.coms
3841,facebook.com
3842,yahoo.com
3843,google.coms
3844,facebook.com
3845,yahoo.com
3846,google.coms
3847,facebook.com
3848,yahoo.com
3849,google.coms
3850,facebook.com
3851,yahoo.com
3852,google.coms
3853,facebook.com
3854,yahoo.com
3855,google.coms
3856,facebook.com
3857,yahoo.com
3858,google.coms
3859,facebook.com
3860,yahoo.com
3861,google.coms
3862,facebook.com
3863,yahoo.com
3864,google.coms
3865,facebook.com
3866,yahoo.com
3867,google.coms
3868,facebook.com
3869,yahoo.com
3870,google.coms
3871,facebook.com
3872,yahoo.com
3873,google.coms
3874,facebook.com
3875,yahoo.com
3876,google.coms
3877,facebook.com
3878,yahoo.com
3879,google.coms
3880,facebook.com
3881,yahoo.com
3882,google.coms
3883,facebook.com
3884,yahoo.com
3885,google.coms
3886,facebook.com
3887,yahoo.com
3888,google.coms
3889,facebook.com
3890,yahoo.com
3891,google.coms
3892,facebook.com
3893,yahoo.com
3894,google.coms
3895,facebook.com
3896,yahoo.com
3897,google.coms
3898,facebook.com
3899,yahoo.com
3900,google.coms
3901,facebook.com
3902,yahoo.com
3903,google.coms
3904,facebook.com
3905,yahoo.com
3906,google.coms
3907,facebook.com
3908,yahoo.com
3909,google.coms
3910,facebook.com
3911,yahoo.com
3912,google.coms
3913,facebook.com
3914,yahoo.com
3915,google.coms
3916,facebook.com
3917,yahoo.com
3918,google.coms
3919,facebook.com
3920,yahoo.com
3921,google.coms
3922,facebook.com
3923,yahoo.com
3924,google.coms
3925,facebook.com
3926,yahoo.com
3927,google.coms
3928,facebook.com
3929,yahoo.com
3930,google.coms
3931,facebook.com
3932,yahoo.com
3933,google.coms
3934,facebook.com
3935,yahoo.com
3936,google.coms
3937,facebook.com
3938,yahoo.com
3939,google.coms
3940,facebook.com
3941,yahoo.com
3942,google.coms
3943,facebook.com
3944,yahoo.com
3945,google.coms
3946,facebook.com
3947,yahoo.com
3948,google.coms
3949,facebook.com
3950,yahoo.com
3951,google.coms
3952,facebook.com
3953,yahoo.com
3954,google.coms
3955,facebook.com
3956,yahoo.com
3957,google.coms
3958,facebook.com
3959,yahoo.com
3960,google.coms
3961,facebook.com
3962,yahoo.com
3963,google.coms
3964,facebook.com
3965,yahoo.com
3966,google.coms
3967,facebook.com
3968,yahoo.com
3969,google.coms
3970,facebook.com
3971,yahoo.com
3972,google.coms
3973,facebook.com
3974,yahoo.com
3975,google.coms
3976,facebook.com
3977,yahoo.com
3978,google.coms
3979,facebook.com
3980,yahoo.com
3981,google.coms
3982,facebook.com
3983,yahoo.com
3984,google.coms
3985,facebook.com
3986,yahoo.com
3987,google.coms
3988,facebook.com
3989,yahoo.com
3990,google.coms
3991,facebook.com
3992,yahoo.com
3993,google.coms
3994,facebook.com
3995,yahoo.com
3996,google.coms
3997,facebook.com
3998,yahoo.com
3999,google.coms
4000,facebook.com
4001,yahoo.com
4002,google.coms
4003,facebook.com
4004,yahoo.com
4005,google.coms
4006,facebook.com
4007,yahoo.com
4008,google.coms
4009,facebook.com
4010,yahoo.com
4011,google.coms
4012,facebook.com
4013,yahoo.com
4014,google.coms
4015,facebook.com
4016,yahoo.com
4017,google.coms
4018,facebook.com
4019,yahoo.com
4020,google.coms
4021,facebook.com
4022,yahoo.com
4023,google.coms
4024,facebook.com
4025,yahoo.com
4026,google.coms
4027,facebook.com
4028,yahoo.com
4029,google.coms
4030,facebook.com
4031,yahoo.com
4032,google.coms
4033,facebook.com
4034,yahoo.com
4035,google.coms
4036,facebook.com
4037,yahoo.com
4038,google.coms
4039,facebook.com
4040,yahoo.com
4041,google.coms
4042,facebook.com
4043,yahoo.com
4044,google.coms
4045,facebook.com
4046,yahoo.com
4047,google.coms
4048,facebook.com
4049,yahoo.com
4050,google.coms
4051,facebook.com
4052,yahoo.com
4053,google.coms
4054,facebook.com
4055,yahoo.com
4056,google.coms
4057,facebook.com
4058,yahoo.com
4059,google.coms
4060,facebook.com
4061,yahoo.com
4062,google.coms
4063,facebook.com
4064,yahoo.com
4065,google.coms
4066,facebook.com
4067,yahoo.com
4068,google.coms
4069,facebook.com
4070,yahoo.com
4071,google.coms
4072,facebook.com
4073,yahoo.com
4074,google.coms
4075,facebook.com
4076,yahoo.com
4077,google.coms
4078,facebook.com
4079,yahoo.com
4080,google.coms
4081,facebook.com
4082,yahoo.com
4083,google.coms
4084,facebook.com
4085,yahoo.com
4086,google.coms
4087,facebook.com
4088,yahoo.com
4089,google.coms
4090,facebook.com
4091,yahoo.com
4092,google.coms
4093,facebook.com
4094,yahoo.com
4095,google.coms
4096,facebook.com
4097,yahoo.com
4098,google.coms
4099,facebook.com
4100,yahoo.com
4101,google.coms
4102,facebook.com
4103,yahoo.com
4104,google.coms
4105,facebook.com
4106,yahoo.com
4107,google.coms
4108,facebook.com
4109,yahoo.com
4110,google.coms
4111,facebook.com
4112,yahoo.com
4113,google.coms
4114,facebook.com
4115,yahoo.com
4116,google.coms
4117,facebook.com
4118,yahoo.com
4119,google.coms
4120,facebook.com
4121,yahoo.com
4122,google.coms
4123,facebook.com
4124,yahoo.com
4125,google.coms
4126,facebook.com
4127,yahoo.com
4128,google.coms
4129,facebook.com
4130,yahoo.com
4131,google.coms
4132,facebook.com
4133,yahoo.com
4134,google.coms
4135,facebook.com
4136,yahoo.com
4137,google.coms
4138,facebook.com
4139,yahoo.com
4140,google.coms
4141,facebook.com
4142,yahoo.com
4143,google.coms
4144,facebook.com
4145,yahoo.com
4146,google.coms
4147,facebook.com
4148,yahoo.com
4149,google.coms
4150,facebook.com
4151,yahoo.com
4152,google.coms
4153,facebook.com
4154,yahoo.com
4155,google.coms
4156,facebook.com
4157,yahoo.com
4158,google.coms
4159,facebook.com
4160,yahoo.com
4161,google.coms
4162,facebook.com
4163,yahoo.com
4164,google.coms
4165,facebook.com
4166,yahoo.com
4167,google.coms
4168,facebook.com
4169,yahoo.com
4170,google.coms
4171,facebook.com
4172,yahoo.com
4173,google.coms
4174,facebook.com
4175,yahoo.com
4176,google.coms
4177,facebook.com
4178,yahoo.com
4179,google.coms
4180,facebook.com
4181,yahoo.com
4182,google.coms
4183,facebook.com
4184,yahoo.com
4185,google.coms
4186,facebook.com
4187,yahoo.com
4188,google.coms
4189,facebook.com
4190,yahoo.com
4191,google.coms
4192,facebook.com
4193,yahoo.com
4194,google.coms
4195,facebook.com
4196,yahoo.com
4197,google.coms
4198,facebook.com
4199,yahoo.com
4200,google.coms
4201,facebook.com
4202,yahoo.com
4203,google.coms
4204,facebook.com
4205,yahoo.com
4206,google.coms
4207,facebook.com
4208,yahoo.com
4209,google.coms
4210,facebook.com
4211,yahoo.com
4212,google.coms
4213,facebook.com
4214,yahoo.com
4215,google.coms
4216,facebook.com
4217,yahoo.com
4218,google.coms
4219,facebook.com
4220,yahoo.com
4221,google.coms
4222,facebook.com
4223,yahoo.com
4224,google.coms
4225,facebook.com
4226,yahoo.com
4227,google.coms
4228,facebook.com
4229,yahoo.com
4230,google.coms
4231,facebook.com
4232,yahoo.com
4233,google.coms
4234,facebook.com
4235,yahoo.com
4236,google.coms
4237,facebook.com
4238,yahoo.com
4239,google.coms
4240,facebook.com
4241,yahoo.com
4242,google.coms
4243,facebook.com
4244,yahoo.com
4245,google.coms
4246,facebook.com
4247,yahoo.com
4248,google.coms
4249,facebook.com
4250,yahoo.com
4251,google.coms
4252,facebook.com
4253,yahoo.com
4254,google.coms
4255,facebook.com
4256,yahoo.com
4257,google.coms
4258,facebook.com
4259,yahoo.com
4260,google.coms
4261,facebook.com
4262,yahoo.com
4263,google.coms
4264,facebook.com
4265,yahoo.com
4266,google.coms
4267,facebook.com
4268,yahoo.com
4269,google.coms
4270,facebook.com
4271,yahoo.com
4272,google.coms
4273,facebook.com
4274,yahoo.com
4275,google.coms
4276,facebook.com
4277,yahoo.com
4278,google.coms
4279,facebook.com
4280,yahoo.com
4281,google.coms
4282,facebook.com
4283,yahoo.com
4284,google.coms
4285,facebook.com
4286,yahoo.com
4287,google.coms
4288,facebook.com
4289,yahoo.com
4290,google.coms
4291,facebook.com
4292,yahoo.com
4293,google.coms
4294,facebook.com
4295,yahoo.com
4296,google.coms
4297,facebook.com
4298,yahoo.com
4299,google.coms
4300,facebook.com
4301,yahoo.com
4302,google.coms
4303,facebook.com
4304,yahoo.com
4305,google.coms
4306,facebook.com
4307,yahoo.com
4308,google.coms
4309,facebook.com
4310,yahoo.com
4311,google.coms
4312,facebook.com
4313,yahoo.com
4314,google.coms
4315,facebook.com
4316,yahoo.com
4317,google.coms
4318,facebook.com
4319,yahoo.com
4320,google.coms
4321,facebook.com
4322,yahoo.com
4323,google.coms
4324,facebook.com
4325,yahoo.com
4326,google.coms
4327,facebook.com
4328,yahoo.com
4329,google.coms
4330,facebook.com
4331,yahoo.com
4332,google.coms
4333,facebook.com
4334,yahoo.com
4335,google.coms
4336,facebook.com
4337,yahoo.com
4338,google.coms
4339,facebook.com
4340,yahoo.com
4341,google.coms
4342,facebook.com
4343,yahoo.com
4344,google.coms
4345,facebook.com
4346,yahoo.com
4347,google.coms
4348,facebook.com
4349,yahoo.com
4350,google.coms
4351,facebook.com
4352,yahoo.com
4353,google.coms
4354,facebook.com
4355,yahoo.com
4356,google.coms
4357,facebook.com
4358,yahoo.com
4359,google.coms
4360,facebook.com
4361,yahoo.com
4362,google.coms
4363,facebook.com
4364,yahoo.com
4365,google.coms
4366,facebook.com
4367,yahoo.com
4368,google.coms
4369,facebook.com
4370,yahoo.com
4371,google.coms
4372,facebook.com
4373,yahoo.com
4374,google.coms
4375,facebook.com
4376,yahoo.com
4377,google.coms
4378,facebook.com
4379,yahoo.com
4380,google.coms
4381,facebook.com
4382,yahoo.com
4383,google.coms
4384,facebook.com
4385,yahoo.com
4386,google.coms
4387,facebook.com
4388,yahoo.com
4389,google.coms
4390,facebook.com
4391,yahoo.com
4392,google.coms
4393,facebook.com
4394,yahoo.com
4395,google.coms
4396,facebook.com
4397,yahoo.com
4398,google.coms
4399,facebook.com
4400,yahoo.com
4401,google.coms
4402,facebook.com
4403,yahoo.com
4404,google.coms
4405,facebook.com
4406,yahoo.com
4407,google.coms
4408,facebook.com
4409,yahoo.com
4410,google.coms
4411,facebook.com
4412,yahoo.com
4413,google.coms
4414,facebook.com
4415,yahoo.com
4416,google.coms
4417,facebook.com
4418,yahoo.com
4419,google.coms
4420,facebook.com
4421,yahoo.com
4422,google.coms
4423,facebook.com
4424,yahoo.com
4425,google.coms
4426,facebook.com
4427,yahoo.com
4428,google.coms
4429,facebook.com
4430,yahoo.com
4431,google.coms
4432,facebook.com
4433,yahoo.com
4434,google.coms
4435,facebook.com
4436,yahoo.com
4437,google.coms
4438,facebook.com
4439,yahoo.com
4440,google.coms
4441,facebook.com
4442,yahoo.com
4443,google.coms
4444,facebook.com
4445,yahoo.com
4446,google.coms
4447,facebook.com
4448,yahoo.com
4449,google.coms
4450,facebook.com
4451,yahoo.com
4452,google.coms
4453,facebook.com
4454,yahoo.com
4455,google.coms
4456,facebook.com
4457,yahoo.com
4458,google.coms
4459,facebook.com
4460,yahoo.com
4461,google.coms
4462,facebook.com
4463,yahoo.com
4464,google.coms
4465,facebook.com
4466,yahoo.com
4467,google.coms
4468,facebook.com
4469,yahoo.com
4470,google.coms
4471,facebook.com
4472,yahoo.com
4473,google.coms
4474,facebook.com
4475,yahoo.com
4476,google.coms
4477,facebook.com
4478,yahoo.com
4479,google.coms
4480,facebook.com
4481,yahoo.com
4482,google.coms
4483,facebook.com
4484,yahoo.com
4485,google.coms
4486,facebook.com
4487,yahoo.com
4488,google.coms
4489,facebook.com
4490,yahoo.com
4491,google.coms
4492,facebook.com
4493,yahoo.com
4494,google.coms
4495,facebook.com
4496,yahoo.com
4497,google.coms
4498,facebook.com
4499,yahoo.com
4500,google.coms
4501,facebook.com
4502,yahoo.com
4503,google.coms
4504,facebook.com
4505,yahoo.com
4506,google.coms
4507,facebook.com
4508,yahoo.com
4509,google.coms
4510,facebook.com
4511,yahoo.com
4512,google.coms
4513,facebook.com
4514,yahoo.com
4515,google.coms
4516,facebook.com
4517,yahoo.com
4518,google.coms
4519,facebook.com
4520,yahoo.com
4521,google.coms
4522,facebook.com
4523,yahoo.com
4524,google.coms
4525,facebook.com
4526,yahoo.com
4527,google.coms
4528,facebook.com
4529,yahoo.com
4530,google.coms
4531,facebook.com
4532,yahoo.com
4533,google.coms
4534,facebook.com
4535,yahoo.com
4536,google.coms
4537,facebook.com
4538,yahoo.com
4539,google.coms
4540,facebook.com
4541,yahoo.com
4542,google.coms
4543,facebook.com
4544,yahoo.com
4545,google.coms
4546,facebook.com
4547,yahoo.com
4548,google.coms
4549,facebook.com
4550,yahoo.com
4551,google.coms
4552,facebook.com
4553,yahoo.com
4554,google.coms
4555,facebook.com
4556,yahoo.com
4557,google.coms
4558,facebook.com
4559,yahoo.com
4560,google.coms
4561,facebook.com
4562,yahoo.com
4563,google.coms
4564,facebook.com
4565,yahoo.com
4566,google.coms
4567,facebook.com
4568,yahoo.com
4569,google.coms
4570,facebook.com
4571,yahoo.com
4572,google.coms
4573,facebook.com
4574,yahoo.com
4575,google.coms
4576,facebook.com
4577,yahoo.com
4578,google.coms
4579,facebook.com
4580,yahoo.com
4581,google.coms
4582,facebook.com
4583,yahoo.com
4584,google.coms
4585,facebook.com
4586,yahoo.com
4587,google.coms
4588,facebook.com
4589,yahoo.com
4590,google.coms
4591,facebook.com
4592,yahoo.com
4593,google.coms
4594,facebook.com
4595,yahoo.com
4596,google.coms
4597,facebook.com
4598,yahoo.com
4599,google.coms
4600,facebook.com
4601,yahoo.com
4602,google.coms
4603,facebook.com
4604,yahoo.com
4605,google.coms
4606,facebook.com
4607,yahoo.com
4608,google.coms
4609,facebook.com
4610,yahoo.com
4611,google.coms
4612,facebook.com
4613,yahoo.com
4614,google.coms
4615,facebook.com
4616,yahoo.com
4617,google.coms
4618,facebook.com
4619,yahoo.com
4620,google.coms
4621,facebook.com
4622,yahoo.com
4623,google.coms
4624,facebook.com
4625,yahoo.com
4626,google.coms
4627,facebook.com
4628,yahoo.com
4629,google.coms
4630,facebook.com
4631,yahoo.com
4632,google.coms
4633,facebook.com
4634,yahoo.com
4635,google.coms
4636,facebook.com
4637,yahoo.com
4638,google.coms
4639,facebook.com
4640,yahoo.com
4641,google.coms
4642,facebook.com
4643,yahoo.com
4644,google.coms
4645,facebook.com
4646,yahoo.com
4647,google.coms
4648,facebook.com
4649,yahoo.com
4650,google.coms
4651,facebook.com
4652,yahoo.com
4653,google.coms
4654,facebook.com
4655,yahoo.com
4656,google.coms
4657,facebook.com
4658,yahoo.com
4659,google.coms
4660,facebook.com
4661,yahoo.com
4662,google.coms
4663,facebook.com
4664,yahoo.com
4665,google.coms
4666,facebook.com
4667,yahoo.com
4668,google.coms
4669,facebook.com
4670,yahoo.com
4671,google.coms
4672,facebook.com
4673,yahoo.com
4674,google.coms
4675,facebook.com
4676,yahoo.com
4677,google.coms
4678,facebook.com
4679,yahoo.com
4680,google.coms
4681,facebook.com
4682,yahoo.com
4683,google.coms
4684,facebook.com
4685,yahoo.com
4686,google.coms
4687,facebook.com
4688,yahoo.com
4689,google.coms
4690,facebook.com
4691,yahoo.com
4692,google.coms
4693,facebook.com
4694,yahoo.com
4695,google.coms
4696,facebook.com
4697,yahoo.com
4698,google.coms
4699,facebook.com
4700,yahoo.com
4701,google.coms
4702,facebook.com
4703,yahoo.com
4704,google.coms
4705,facebook.com
4706,yahoo.com
4707,google.coms
4708,facebook.com
4709,yahoo.com
4710,google.coms
4711,facebook.com
4712,yahoo.com
4713,google.coms
4714,facebook.com
4715,yahoo.com
4716,google.coms
4717,facebook.com
4718,yahoo.com
4719,google.coms
4720,facebook.com
4721,yahoo.com
4722,google.coms
4723,facebook.com
4724,yahoo.com
4725,google.coms
4726,facebook.com
4727,yahoo.com
4728,google.coms
4729,facebook.com
4730,yahoo.com
4731,google.coms
4732,facebook.com
4733,yahoo.com
4734,google.coms
4735,facebook.com
4736,yahoo.com
4737,google.coms
4738,facebook.com
4739,yahoo.com
4740,google.coms
4741,facebook.com
4742,yahoo.com
4743,google.coms
4744,facebook.com
4745,yahoo.com
4746,google.coms
4747,facebook.com
4748,yahoo.com
4749,google.coms
4750,facebook.com
4751,yahoo.com
4752,google.coms
4753,facebook.com
4754,yahoo.com
4755,google.coms
4756,facebook.com
4757,yahoo.com
4758,google.coms
4759,facebook.com
4760,yahoo.com
4761,google.coms
4762,facebook.com
4763,yahoo.com
4764,google.coms
4765,facebook.com
4766,yahoo.com
4767,google.coms
4768,facebook.com
4769,yahoo.com
4770,google.coms
4771,facebook.com
4772,yahoo.com
4773,google.coms
4774,facebook.com
4775,yahoo.com
4776,google.coms
4777,facebook.com
4778,yahoo.com
4779,google.coms
4780,facebook.com
4781,yahoo.com
4782,google.coms
4783,facebook.com
4784,yahoo.com
4785,google.coms
4786,facebook.com
4787,yahoo.com
4788,google.coms
4789,facebook.com
4790,yahoo.com
4791,google.coms
4792,facebook.com
4793,yahoo.com
4794,google.coms
4795,facebook.com
4796,yahoo.com
4797,google.coms
4798,facebook.com
4799,yahoo.com
4800,google.coms
4801,facebook.com
4802,yahoo.com
4803,google.coms
4804,facebook.com
4805,yahoo.com
4806,google.coms
4807,facebook.com
4808,yahoo.com
4809,google.coms
4810,facebook.com
4811,yahoo.com
4812,google.coms
4813,facebook.com
4814,yahoo.com
4815,google.coms
4816,facebook.com
4817,yahoo.com
4818,google.coms
4819,facebook.com
4820,yahoo.com
4821,google.coms
4822,facebook.com
4823,yahoo.com
4824,google.coms
4825,facebook.com
4826,yahoo.com
4827,google.coms
4828,facebook.com
4829,yahoo.com
4830,google.coms
4831,facebook.com
4832,yahoo.com
4833,google.coms
4834,facebook.com
4835,yahoo.com
4836,google.coms
4837,facebook.com
4838,yahoo.com
4839,google.coms
4840,facebook.com
4841,yahoo.com
4842,google.coms
4843,facebook.com
4844,yahoo.com
4845,google.coms
4846,facebook.com
4847,yahoo.com
4848,google.coms
4849,facebook.com
4850,yahoo.com
4851,google.coms
4852,facebook.com
4853,yahoo.com
4854,google.coms
4855,facebook.com
4856,yahoo.com
4857,google.coms
4858,facebook.com
4859,yahoo.com
4860,google.coms
4861,facebook.com
4862,yahoo.com
4863,google.coms
4864,facebook.com
4865,yahoo.com
4866,google.coms
4867,facebook.com
4868,yahoo.com
4869,google.coms
4870,facebook.com
4871,yahoo.com
4872,google.coms
4873,facebook.com
4874,yahoo.com
4875,google.coms
4876,facebook.com
4877,yahoo.com
4878,google.coms
4879,facebook.com
4880,yahoo.com
4881,google.coms
4882,facebook.com
4883,yahoo.com
4884,google.coms
4885,facebook.com
4886,yahoo.com
4887,google.coms
4888,facebook.com
4889,yahoo.com
4890,google.coms
4891,facebook.com
4892,yahoo.com
4893,google.coms
4894,facebook.com
4895,yahoo.com
4896,google.coms
4897,facebook.com
4898,yahoo.com
4899,google.coms
4900,facebook.com
4901,yahoo.com
4902,google.coms
4903,facebook.com
4904,yahoo.com
4905,google.coms
4906,facebook.com
4907,yahoo.com
4908,google.coms
4909,facebook.com
4910,yahoo.com
4911,google.coms
4912,facebook.com
4913,yahoo.com
4914,google.coms
4915,facebook.com
4916,yahoo.com
4917,google.coms
4918,facebook.com
4919,yahoo.com
4920,google.coms
4921,facebook.com
4922,yahoo.com
4923,google.coms
4924,facebook.com
4925,yahoo.com
4926,google.coms
4927,facebook.com
4928,yahoo.com
4929,google.coms
4930,facebook.com
4931,yahoo.com
4932,google.coms
4933,facebook.com
4934,yahoo.com
4935,google.coms
4936,facebook.com
4937,yahoo.com
4938,google.coms
4939,facebook.com
4940,yahoo.com
4941,google.coms
4942,facebook.com
4943,yahoo.com
4944,google.coms
4945,facebook.com
4946,yahoo.com
4947,google.coms
4948,facebook.com
4949,yahoo.com
4950,google.coms
4951,facebook.com
4952,yahoo.com
4953,google.coms
4954,facebook.com
4955,yahoo.com
4956,google.coms
4957,facebook.com
4958,yahoo.com
4959,google.coms
4960,facebook.com
4961,yahoo.com
4962,google.coms
4963,facebook.com
4964,yahoo.com
4965,google.coms
4966,facebook.com
4967,yahoo.com
4968,google.coms
4969,facebook.com
4970,yahoo.com
4971,google.coms
4972,facebook.com
4973,yahoo.com
4974,google.coms
4975,facebook.com
4976,yahoo.com
4977,google.coms
4978,facebook.com
4979,yahoo.com
4980,google.coms
4981,facebook.com
4982,yahoo.com
4983,google.coms
4984,facebook.com
4985,yahoo.com
4986,google.coms
4987,facebook.com
4988,yahoo.com
4989,google.coms
4990,facebook.com
4991,yahoo.com
4992,google.coms
4993,facebook.com
4994,yahoo.com
4995,google.coms
4996,facebook.com
4997,yahoo.com
4998,google.coms
4999,facebook.com
5000,yahoo.com
5001,google.coms
5002,facebook.com
5003,yahoo.com
5004,google.coms
5005,facebook.com
5006,yahoo.com
5007,google.coms
5008,facebook.com
5009,yahoo.com
5010,google.coms
5011,facebook.com
5012,yahoo.com
5013,google.coms
5014,facebook.com
5015,yahoo.com
5016,google.coms
5017,facebook.com
5018,yahoo.com
5019,google.coms
5020,facebook.com
5021,yahoo.com
5022,google.coms
5023,facebook.com
5024,yahoo.com
5025,google.coms
5026,facebook.com
5027,yahoo.com
5028,google.coms
5029,facebook.com
5030,yahoo.com
5031,google.coms
5032,facebook.com
5033,yahoo.com
5034,google.coms
5035,facebook.com
5036,yahoo.com
5037,google.coms
5038,facebook.com
5039,yahoo.com
5040,google.coms
5041,facebook.com
5042,yahoo.com
5043,google.coms
5044,facebook.com
5045,yahoo.com
5046,google.coms
5047,facebook.com
5048,yahoo.com
5049,google.coms
5050,facebook.com
5051,yahoo.com
5052,google.coms
5053,facebook.com
5054,yahoo.com
5055,google.coms
5056,facebook.com
5057,yahoo.com
